GroupDescription,MigrYr,SpeciesCode,RearCode,RaceCode,SAR_Reach,JuvPop,SARwoJacks,SARwoJacks_LCI,SARwoJacks_UCI,SARwJacks,SARwJacks_LCI,SARwJacks_UCI
Snake River Wild Spring_Summer Chinook,2021,CH,W,SpSu,Lower Granite Dam to Bonneville Dam,15459,0.78,0.66,0.9,0.89,0.77,1.02
Snake River Wild Spring_Summer Chinook,2021,CH,W,SpSu,Lower Granite Dam to Lower Granite Dam,15459,0.7,0.59,0.81,0.81,0.69,0.92
Clearwater River Wild Spring Chinook,2021,CH,W,Spr,Lower Granite Dam to Bonneville Dam,527,0.19,0,0.57,0.19,0,0.57
Clearwater River Wild Spring Chinook,2021,CH,W,Spr,Lower Granite Dam to Lower Granite Dam,527,0.19,0,0.57,0.19,0,0.57
Grande Ronde River Wild Spring Chinook,2021,CH,W,Spr,Lower Granite Dam to Bonneville Dam,2084,0.91,0.58,1.27,1.01,0.67,1.37
Grande Ronde River Wild Spring Chinook,2021,CH,W,Spr,Lower Granite Dam to Lower Granite Dam,2084,0.82,0.52,1.15,0.91,0.6,1.25
Imnaha River Wild Summer Chinook,2021,CH,W,Sum,Lower Granite Dam to Bonneville Dam,2175,0.41,0.21,0.65,0.41,0.21,0.65
Imnaha River Wild Summer Chinook,2021,CH,W,Sum,Lower Granite Dam to Lower Granite Dam,2175,0.46,0.23,0.71,0.46,0.23,0.71
Middle Fork Salmon River Wild Spring_Summer Chinook,2021,CH,W,SpSu,Lower Granite Dam to Bonneville Dam,3418,1.02,0.74,1.32,1.35,1.01,1.7
Middle Fork Salmon River Wild Spring_Summer Chinook,2021,CH,W,SpSu,Lower Granite Dam to Lower Granite Dam,3418,0.88,0.61,1.16,1.2,0.89,1.53
South Fork Salmon River Wild Spring_Summer Chinook,2021,CH,W,SpSu,Lower Granite Dam to Bonneville Dam,1932,0.72,0.44,1.08,0.72,0.44,1.08
South Fork Salmon River Wild Spring_Summer Chinook,2021,CH,W,SpSu,Lower Granite Dam to Lower Granite Dam,1932,0.72,0.44,1.08,0.72,0.44,1.08
Upper Salmon River Wild Spring_Summer Chinook,2021,CH,W,SpSu,Lower Granite Dam to Bonneville Dam,4469,0.92,0.7,1.15,0.98,0.75,1.23
Upper Salmon River Wild Spring_Summer Chinook,2021,CH,W,SpSu,Lower Granite Dam to Lower Granite Dam,4469,0.76,0.55,0.97,0.83,0.6,1.06
Snake River Wild Spring_Summer Chinook,2020,CH,W,SpSu,Lower Granite Dam to Lower Granite Dam,15660,1.37,1.21,1.53,1.54,1.37,1.7
Snake River Wild Spring_Summer Chinook,2020,CH,W,SpSu,Lower Granite Dam to Bonneville Dam,15660,1.77,1.58,1.95,1.97,1.78,2.17
Snake River Wild Steelhead A-Run,2020,ST,W,Sum,Lower Granite Dam to Bonneville Dam,3746,,,,1.49,1.17,1.82
Snake River Wild Steelhead A-Run,2020,ST,W,Sum,Lower Granite Dam to Lower Granite Dam,3746,,,,1.68,1.33,2.02
Snake River Wild Steelhead B-Run,2020,ST,W,Sum,Lower Granite Dam to Bonneville Dam,1691,,,,1.66,1.14,2.2
Snake River Wild Steelhead B-Run,2020,ST,W,Sum,Lower Granite Dam to Lower Granite Dam,1691,,,,2.13,1.56,2.75
Snake River Wild Steelhead Aggregate,2020,ST,W,Sum,Lower Granite Dam to Bonneville Dam,5519,,,,1.81,1.52,2.12
Snake River Wild Steelhead Aggregate,2020,ST,W,Sum,Lower Granite Dam to Lower Granite Dam,5519,,,,1.52,1.26,1.81
Asotin River Wild Steelhead,2020,ST,W,Sum,Lower Granite Dam to Bonneville Dam,103,,,,0,0,2.86
Asotin River Wild Steelhead,2020,ST,W,Sum,Lower Granite Dam to Lower Granite Dam,103,,,,0,0,2.86
Clearwater River Wild Steelhead A-Run,2020,ST,W,Sum,Lower Granite Dam to Bonneville Dam,1375,,,,1.96,1.34,2.61
Clearwater River Wild Steelhead A-Run,2020,ST,W,Sum,Lower Granite Dam to Lower Granite Dam,1375,,,,1.45,0.93,2.02
Clearwater River Wild Spring Chinook,2020,CH,W,Spr,Lower Granite Dam to Bonneville Dam,790,1.39,0.71,2.09,1.39,0.71,2.09
Clearwater River Wild Spring Chinook,2020,CH,W,Spr,Lower Granite Dam to Lower Granite Dam,790,0.89,0.36,1.48,0.89,0.36,1.48
Grande Ronde River Wild Spring Chinook,2020,CH,W,Spr,Lower Granite Dam to Bonneville Dam,2128,1.97,1.49,2.5,2.16,1.64,2.72
Grande Ronde River Wild Spring Chinook,2020,CH,W,Spr,Lower Granite Dam to Lower Granite Dam,2128,1.36,0.97,1.81,1.55,1.11,2.01
Grande Ronde River Wild Steelhead A-Run,2020,ST,W,Sum,Lower Granite Dam to Bonneville Dam,667,,,,0.75,0.27,1.36
Grande Ronde River Wild Steelhead A-Run,2020,ST,W,Sum,Lower Granite Dam to Lower Granite Dam,667,,,,0.45,0,0.9
Imnaha River Wild Summer Chinook,2020,CH,W,Sum,Lower Granite Dam to Bonneville Dam,2208,2.4,1.85,2.98,2.72,2.15,3.33
Imnaha River Wild Summer Chinook,2020,CH,W,Sum,Lower Granite Dam to Lower Granite Dam,2208,1.99,1.52,2.52,2.26,1.75,2.81
Imnaha River Wild Steelhead A-Run,2020,ST,W,Sum,Lower Granite Dam to Bonneville Dam,2004,,,,2.05,1.51,2.6
Imnaha River Wild Steelhead A-Run,2020,ST,W,Sum,Lower Granite Dam to Lower Granite Dam,2004,,,,1.85,1.34,2.35
Middle Fork Salmon River Wild Spring_Summer Chinook,2020,CH,W,SpSu,Lower Granite Dam to Bonneville Dam,2777,1.48,1.11,1.87,1.91,1.48,2.38
Middle Fork Salmon River Wild Spring_Summer Chinook,2020,CH,W,SpSu,Lower Granite Dam to Lower Granite Dam,2777,1.15,0.84,1.51,1.44,1.09,1.86
Salmon River Wild Steelhead A-Run,2020,ST,W,Sum,Lower Granite Dam to Bonneville Dam,1179,,,,2.29,1.52,3.1
Salmon River Wild Steelhead A-Run,2020,ST,W,Sum,Lower Granite Dam to Lower Granite Dam,1179,,,,2.04,1.34,2.82
South Fork Salmon River Wild Spring_Summer Chinook,2020,CH,W,SpSu,Lower Granite Dam to Bonneville Dam,1590,2.39,1.73,3.07,2.58,1.89,3.3
South Fork Salmon River Wild Spring_Summer Chinook,2020,CH,W,SpSu,Lower Granite Dam to Lower Granite Dam,1590,1.82,1.28,2.42,2.01,1.44,2.64
Tucannon River Wild Summer Steelhead,2020,ST,W,Sum,Lower Monumental Dam to Bonneville Dam,2015,,,,0.74,0.46,1.96
Tucannon River Wild Summer Steelhead,2020,ST,W,Sum,Lower Monumental Dam to Lower Monumental Dam,2015,,,,0.45,0.25,1.13
Tucannon River Wild Spring Chinook,2020,CH,W,Spr,Lower Monumental Dam to Bonneville Dam,382,0.26,0,0.63,0.26,0,0.63
Tucannon River Wild Spring Chinook,2020,CH,W,Spr,Lower Monumental Dam to Lower Monumental Dam,382,0.26,0,0.63,0.26,0,0.63
Upper Salmon River Wild Spring_Summer Chinook,2020,CH,W,SpSu,Lower Granite Dam to Bonneville Dam,4491,1.65,1.31,2.01,1.71,1.37,2.07
Upper Salmon River Wild Spring_Summer Chinook,2020,CH,W,SpSu,Lower Granite Dam to Lower Granite Dam,4491,1.4,1.11,1.72,1.47,1.17,1.78
Snake River Wild Spring_Summer Chinook,2019,CH,W,SpSu,Lower Granite Dam to Bonneville Dam,11219,0.88,0.74,1.02,0.97,0.82,1.12
Snake River Wild Spring_Summer Chinook,2019,CH,W,SpSu,Lower Granite Dam to Lower Granite Dam,11219,0.79,0.67,0.93,0.86,0.73,1.01
Snake River Wild Steelhead A-Run,2019,ST,W,Sum,Lower Granite Dam to Bonneville Dam,5431,,,,0.26,0.15,0.37
Snake River Wild Steelhead A-Run,2019,ST,W,Sum,Lower Granite Dam to Lower Granite Dam,5431,,,,0.33,0.2,0.47
Snake River Wild Steelhead B-Run,2019,ST,W,Sum,Lower Granite Dam to Bonneville Dam,1816,,,,0.77,0.44,1.13
Snake River Wild Steelhead B-Run,2019,ST,W,Sum,Lower Granite Dam to Lower Granite Dam,1816,,,,1.05,0.64,1.44
Snake River Wild Steelhead Aggregate,2019,ST,W,Sum,Lower Granite Dam to Lower Granite Dam,7259,,,,0.39,0.27,0.51
Snake River Wild Steelhead Aggregate,2019,ST,W,Sum,Lower Granite Dam to Bonneville Dam,7259,,,,0.51,0.37,0.65
Asotin River Wild Steelhead,2019,ST,W,Sum,Lower Granite Dam to Bonneville Dam,1813,,,,0.17,0.05,0.33
Asotin River Wild Steelhead,2019,ST,W,Sum,Lower Granite Dam to Lower Granite Dam,1813,,,,0.17,0.05,0.34
Clearwater River Wild Steelhead A-Run,2019,ST,W,Sum,Lower Granite Dam to Bonneville Dam,1970,,,,0.51,0.26,0.77
Clearwater River Wild Steelhead A-Run,2019,ST,W,Sum,Lower Granite Dam to Lower Granite Dam,1970,,,,0.46,0.21,0.72
Clearwater River Wild Spring Chinook,2019,CH,W,Spr,Lower Granite Dam to Bonneville Dam,647,0.31,0,0.72,0.31,0,0.72
Clearwater River Wild Spring Chinook,2019,CH,W,Spr,Lower Granite Dam to Lower Granite Dam,647,0.62,0.15,1.17,0.62,0.15,1.17
Grande Ronde River Wild Spring Chinook,2019,CH,W,Spr,Lower Granite Dam to Bonneville Dam,1964,1.22,0.82,1.63,1.27,0.86,1.7
Grande Ronde River Wild Spring Chinook,2019,CH,W,Spr,Lower Granite Dam to Lower Granite Dam,1964,1.02,0.64,1.39,1.02,0.64,1.39
Grande Ronde River Wild Steelhead A-Run,2019,ST,W,Sum,Lower Granite Dam to Bonneville Dam,650,,,,0.15,0,0.47
Grande Ronde River Wild Steelhead A-Run,2019,ST,W,Sum,Lower Granite Dam to Lower Granite Dam,650,,,,0,0,0.46
Imnaha River Wild Summer Chinook,2019,CH,W,Sum,Lower Granite Dam to Bonneville Dam,1047,0.67,0.29,1.11,0.86,0.45,1.32
Imnaha River Wild Summer Chinook,2019,CH,W,Sum,Lower Granite Dam to Lower Granite Dam,1047,0.67,0.29,1.11,0.86,0.45,1.32
Imnaha River Wild Steelhead A-Run,2019,ST,W,Sum,Lower Granite Dam to Bonneville Dam,1533,,,,0.52,0.26,0.84
Imnaha River Wild Steelhead A-Run,2019,ST,W,Sum,Lower Granite Dam to Lower Granite Dam,1533,,,,0.39,0.14,0.67
Middle Fork Salmon River Wild Spring_Summer Chinook,2019,CH,W,SpSu,Lower Granite Dam to Bonneville Dam,2068,0.92,0.59,1.28,1.11,0.76,1.5
Middle Fork Salmon River Wild Spring_Summer Chinook,2019,CH,W,SpSu,Lower Granite Dam to Lower Granite Dam,2068,0.77,0.49,1.09,0.92,0.61,1.27
Salmon River Wild Steelhead A-Run,2019,ST,W,Sum,Lower Granite Dam to Bonneville Dam,1201,,,,1.25,0.73,1.81
Salmon River Wild Steelhead A-Run,2019,ST,W,Sum,Lower Granite Dam to Lower Granite Dam,1201,,,,0.75,0.35,1.21
South Fork Salmon River Wild Spring_Summer Chinook,2019,CH,W,SpSu,Lower Granite Dam to Lower Granite Dam,1344,0.67,0.3,1.03,0.67,0.3,1.03
South Fork Salmon River Wild Spring_Summer Chinook,2019,CH,W,SpSu,Lower Granite Dam to Bonneville Dam,1344,0.82,0.44,1.22,0.82,0.44,1.22
Tucannon River Wild Summer Steelhead,2019,ST,W,Sum,Lower Monumental Dam to Lower Monumental Dam,861,,,,0,0,0.35
Tucannon River Wild Summer Steelhead,2019,ST,W,Sum,Lower Monumental Dam to Bonneville Dam,861,,,,0.12,0,0.34
Tucannon River Wild Spring Chinook,2019,CH,W,Spr,Lower Monumental Dam to Bonneville Dam,585,0.86,0.29,1.52,0.86,0.29,1.52
Tucannon River Wild Spring Chinook,2019,CH,W,Spr,Lower Monumental Dam to Lower Monumental Dam,585,0.68,0.17,1.24,0.68,0.17,1.24
Upper Salmon River Wild Spring_Summer Chinook,2019,CH,W,SpSu,Lower Granite Dam to Lower Granite Dam,3156,0.98,0.69,1.29,1.05,0.75,1.36
Upper Salmon River Wild Spring_Summer Chinook,2019,CH,W,SpSu,Lower Granite Dam to Bonneville Dam,3156,1.08,0.78,1.39,1.14,0.83,1.47
Snake River Wild Spring_Summer Chinook,2018,CH,W,SpSu,Lower Granite Dam to Lower Granite Dam,18977,0.44,0.37,0.52,0.5,0.42,0.58
Snake River Wild Spring_Summer Chinook,2018,CH,W,SpSu,Lower Granite Dam to Bonneville Dam,18977,0.54,0.46,0.63,0.61,0.51,0.7
Snake River Wild Steelhead A-Run,2018,ST,W,Sum,Lower Granite Dam to Bonneville Dam,8078,,,,1.56,1.34,1.79
Snake River Wild Steelhead A-Run,2018,ST,W,Sum,Lower Granite Dam to Lower Granite Dam,8078,,,,2.13,1.87,2.4
Snake River Wild Steelhead B-Run,2018,ST,W,Sum,Lower Granite Dam to Bonneville Dam,1707,,,,0.82,0.48,1.2
Snake River Wild Steelhead B-Run,2018,ST,W,Sum,Lower Granite Dam to Lower Granite Dam,1707,,,,0.94,0.57,1.32
Snake River Wild Steelhead Aggregate,2018,ST,W,Sum,Lower Granite Dam to Bonneville Dam,10152,,,,1.86,1.63,2.08
Snake River Wild Steelhead Aggregate,2018,ST,W,Sum,Lower Granite Dam to Lower Granite Dam,10152,,,,1.39,1.19,1.58
Asotin River Wild Steelhead,2018,ST,W,Sum,Lower Granite Dam to Bonneville Dam,1706,,,,1.29,0.85,1.78
Asotin River Wild Steelhead,2018,ST,W,Sum,Lower Granite Dam to Lower Granite Dam,1706,,,,0.88,0.54,1.28
Clearwater River Wild Steelhead A-Run,2018,ST,W,Sum,Lower Granite Dam to Bonneville Dam,2920,,,,2.67,2.17,3.14
Clearwater River Wild Steelhead A-Run,2018,ST,W,Sum,Lower Granite Dam to Lower Granite Dam,2920,,,,2.12,1.7,2.55
Clearwater River Wild Spring Chinook,2018,CH,W,Spr,Lower Granite Dam to Bonneville Dam,698,1,0.42,1.62,1.15,0.55,1.83
Clearwater River Wild Spring Chinook,2018,CH,W,Spr,Lower Granite Dam to Lower Granite Dam,698,0.86,0.29,1.43,1,0.43,1.65
Grande Ronde River Wild Spring Chinook,2018,CH,W,Spr,Lower Granite Dam to Bonneville Dam,3024,0.76,0.51,1.03,0.83,0.57,1.12
Grande Ronde River Wild Spring Chinook,2018,CH,W,Spr,Lower Granite Dam to Lower Granite Dam,3024,0.6,0.39,0.83,0.66,0.44,0.92
Grande Ronde River Wild Steelhead A-Run,2018,ST,W,Sum,Lower Granite Dam to Bonneville Dam,945,,,,1.8,1.12,2.53
Grande Ronde River Wild Steelhead A-Run,2018,ST,W,Sum,Lower Granite Dam to Lower Granite Dam,945,,,,1.16,0.62,1.78
Imnaha River Wild Summer Chinook,2018,CH,W,Sum,Lower Granite Dam to Bonneville Dam,2043,0.44,0.24,0.73,0.49,0.28,0.78
Imnaha River Wild Summer Chinook,2018,CH,W,Sum,Lower Granite Dam to Lower Granite Dam,2043,0.39,0.19,0.64,0.44,0.24,0.71
Imnaha River Wild Steelhead A-Run,2018,ST,W,Sum,Lower Granite Dam to Bonneville Dam,2328,,,,1.85,1.44,2.31
Imnaha River Wild Steelhead A-Run,2018,ST,W,Sum,Lower Granite Dam to Lower Granite Dam,2328,,,,1.16,0.8,1.53
Middle Fork Salmon River Wild Spring_Summer Chinook,2018,CH,W,SpSu,Lower Granite Dam to Bonneville Dam,2466,0.28,0.12,0.45,0.32,0.16,0.5
Middle Fork Salmon River Wild Spring_Summer Chinook,2018,CH,W,SpSu,Lower Granite Dam to Lower Granite Dam,2466,0.16,0.04,0.29,0.2,0.08,0.36
Salmon River Wild Steelhead A-Run,2018,ST,W,Sum,Lower Granite Dam to Lower Granite Dam,1606,,,,1.56,1.07,2.09
Salmon River Wild Steelhead A-Run,2018,ST,W,Sum,Lower Granite Dam to Bonneville Dam,1606,,,,1.74,1.19,2.3
South Fork Salmon River Wild Spring_Summer Chinook,2018,CH,W,SpSu,Lower Granite Dam to Bonneville Dam,1179,0.68,0.33,1.09,0.68,0.33,1.09
South Fork Salmon River Wild Spring_Summer Chinook,2018,CH,W,SpSu,Lower Granite Dam to Lower Granite Dam,1179,0.68,0.33,1.09,0.68,0.33,1.09
Tucannon River Wild Summer Steelhead,2018,ST,W,Sum,Lower Monumental Dam to Lower Monumental Dam,1003,,,,0.8,0.37,1.37
Tucannon River Wild Summer Steelhead,2018,ST,W,Sum,Lower Monumental Dam to Bonneville Dam,1003,,,,1.5,0.93,2.34
Tucannon River Wild Spring Chinook,2018,CH,W,Spr,Lower Monumental Dam to Lower Monumental Dam,175,0,0,1.7,0,0,1.7
Tucannon River Wild Spring Chinook,2018,CH,W,Spr,Lower Monumental Dam to Bonneville Dam,175,0,0,1.7,0,0,1.7
Upper Salmon River Wild Spring_Summer Chinook,2018,CH,W,SpSu,Lower Granite Dam to Bonneville Dam,5486,0.66,0.49,0.85,0.78,0.6,0.99
Upper Salmon River Wild Spring_Summer Chinook,2018,CH,W,SpSu,Lower Granite Dam to Lower Granite Dam,5486,0.55,0.39,0.73,0.64,0.47,0.83
Snake River Wild Spring_Summer Chinook,2017,CH,W,SpSu,Lower Granite Dam to Lower Granite Dam,18201,0.13,0.09,0.17,0.14,0.1,0.19
Snake River Wild Spring_Summer Chinook,2017,CH,W,SpSu,Lower Granite Dam to Bonneville Dam,18201,0.19,0.14,0.24,0.21,0.16,0.26
Snake River Wild Steelhead A-Run,2017,ST,W,Sum,Lower Granite Dam to Bonneville Dam,5589,,,,0.88,0.67,1.1
Snake River Wild Steelhead A-Run,2017,ST,W,Sum,Lower Granite Dam to Lower Granite Dam,5589,,,,1.22,0.98,1.47
Snake River Wild Steelhead B-Run,2017,ST,W,Sum,Lower Granite Dam to Bonneville Dam,1206,,,,0.17,0,0.4
Snake River Wild Steelhead B-Run,2017,ST,W,Sum,Lower Granite Dam to Lower Granite Dam,1206,,,,0.17,0,0.4
Snake River Wild Steelhead Aggregate,2017,ST,W,Sum,Lower Granite Dam to Bonneville Dam,6938,,,,1.01,0.82,1.22
Snake River Wild Steelhead Aggregate,2017,ST,W,Sum,Lower Granite Dam to Lower Granite Dam,6938,,,,0.74,0.57,0.92
Asotin River Wild Steelhead,2017,ST,W,Sum,Lower Granite Dam to Bonneville Dam,1636,,,,0.92,0.55,1.34
Asotin River Wild Steelhead,2017,ST,W,Sum,Lower Granite Dam to Lower Granite Dam,1636,,,,0.55,0.29,0.9
Clearwater River Wild Steelhead A-Run,2017,ST,W,Sum,Lower Granite Dam to Bonneville Dam,2113,,,,0.71,0.43,1.01
Clearwater River Wild Steelhead A-Run,2017,ST,W,Sum,Lower Granite Dam to Lower Granite Dam,2113,,,,0.52,0.28,0.8
Clearwater River Wild Spring Chinook,2017,CH,W,Spr,Lower Granite Dam to Bonneville Dam,906,0.22,0,0.53,0.22,0,0.53
Clearwater River Wild Spring Chinook,2017,CH,W,Spr,Lower Granite Dam to Lower Granite Dam,906,0.22,0,0.53,0.22,0,0.53
Grande Ronde River Wild Spring Chinook,2017,CH,W,Spr,Lower Granite Dam to Bonneville Dam,3235,0.28,0.13,0.44,0.34,0.18,0.52
Grande Ronde River Wild Spring Chinook,2017,CH,W,Spr,Lower Granite Dam to Lower Granite Dam,3235,0.15,0.06,0.28,0.19,0.06,0.32
Grande Ronde River Wild Steelhead A-Run,2017,ST,W,Sum,Lower Granite Dam to Bonneville Dam,1215,,,,1.32,0.75,1.9
Grande Ronde River Wild Steelhead A-Run,2017,ST,W,Sum,Lower Granite Dam to Lower Granite Dam,1215,,,,0.91,0.46,1.37
Imnaha River Wild Summer Chinook,2017,CH,W,Sum,Lower Granite Dam to Bonneville Dam,1354,0.15,0,0.36,0.22,0.07,0.46
Imnaha River Wild Summer Chinook,2017,CH,W,Sum,Lower Granite Dam to Lower Granite Dam,1354,0.07,0,0.22,0.15,0,0.36
Imnaha River Wild Steelhead A-Run,2017,ST,W,Sum,Lower Granite Dam to Bonneville Dam,979,,,,1.74,1.06,2.46
Imnaha River Wild Steelhead A-Run,2017,ST,W,Sum,Lower Granite Dam to Lower Granite Dam,979,,,,1.33,0.71,1.97
Middle Fork Salmon River Wild Spring_Summer Chinook,2017,CH,W,SpSu,Lower Granite Dam to Lower Granite Dam,2276,0.09,0,0.18,0.13,0.04,0.26
Middle Fork Salmon River Wild Spring_Summer Chinook,2017,CH,W,SpSu,Lower Granite Dam to Bonneville Dam,2276,0.13,0,0.27,0.18,0.04,0.32
Salmon River Wild Steelhead A-Run,2017,ST,W,Sum,Lower Granite Dam to Bonneville Dam,933,,,,0.75,0.32,1.25
Salmon River Wild Steelhead A-Run,2017,ST,W,Sum,Lower Granite Dam to Lower Granite Dam,933,,,,0.75,0.32,1.25
South Fork Salmon River Wild Spring_Summer Chinook,2017,CH,W,SpSu,Lower Granite Dam to Lower Granite Dam,1430,0,0,0.21,0,0,0.21
South Fork Salmon River Wild Spring_Summer Chinook,2017,CH,W,SpSu,Lower Granite Dam to Bonneville Dam,1430,0.14,0,0.33,0.14,0,0.33
Tucannon River Wild Summer Steelhead,2017,ST,W,Sum,Lower Monumental Dam to Lower Monumental Dam,892,,,,0.56,0.21,1
Tucannon River Wild Summer Steelhead,2017,ST,W,Sum,Lower Monumental Dam to Bonneville Dam,892,,,,0.78,0.33,1.25
Tucannon River Wild Spring Chinook,2017,CH,W,Spr,Lower Monumental Dam to Bonneville Dam,355,0.28,0,0.82,0.28,0,0.82
Tucannon River Wild Spring Chinook,2017,CH,W,Spr,Lower Monumental Dam to Lower Monumental Dam,355,0.28,0,0.82,0.28,0,0.82
Upper Salmon River Wild Spring_Summer Chinook,2017,CH,W,SpSu,Lower Granite Dam to Lower Granite Dam,4765,0.21,0.1,0.33,0.21,0.1,0.33
Upper Salmon River Wild Spring_Summer Chinook,2017,CH,W,SpSu,Lower Granite Dam to Bonneville Dam,4765,0.25,0.15,0.38,0.25,0.15,0.38
Snake River Wild Spring_Summer Chinook,2016,CH,W,SpSu,Lower Granite Dam to Lower Granite Dam,16647,0.34,0.26,0.41,0.38,0.3,0.47
Snake River Wild Spring_Summer Chinook,2016,CH,W,SpSu,Lower Granite Dam to Bonneville Dam,16647,0.44,0.36,0.52,0.49,0.4,0.57
Snake River Wild Steelhead A-Run,2016,ST,W,Sum,Lower Granite Dam to Bonneville Dam,5528,,,,0.83,0.64,1.05
Snake River Wild Steelhead A-Run,2016,ST,W,Sum,Lower Granite Dam to Lower Granite Dam,5528,,,,1.09,0.85,1.35
Snake River Wild Steelhead B-Run,2016,ST,W,Sum,Lower Granite Dam to Bonneville Dam,1936,,,,0.67,0.37,0.99
Snake River Wild Steelhead B-Run,2016,ST,W,Sum,Lower Granite Dam to Lower Granite Dam,1936,,,,0.83,0.5,1.19
Snake River Wild Steelhead Aggregate,2016,ST,W,Sum,Lower Granite Dam to Bonneville Dam,7806,,,,1,0.8,1.18
Snake River Wild Steelhead Aggregate,2016,ST,W,Sum,Lower Granite Dam to Lower Granite Dam,7806,,,,0.78,0.62,0.93
Asotin River Wild Steelhead,2016,ST,W,Sum,Lower Granite Dam to Bonneville Dam,1025,,,,0.78,0.31,1.23
Asotin River Wild Steelhead,2016,ST,W,Sum,Lower Granite Dam to Lower Granite Dam,1025,,,,0.39,0.1,0.72
Clearwater River Wild Steelhead A-Run,2016,ST,W,Sum,Lower Granite Dam to Bonneville Dam,1820,,,,0.93,0.59,1.33
Clearwater River Wild Steelhead A-Run,2016,ST,W,Sum,Lower Granite Dam to Lower Granite Dam,1820,,,,0.77,0.44,1.13
Clearwater River Wild Spring Chinook,2016,CH,W,Spr,Lower Granite Dam to Bonneville Dam,774,0.13,0,0.39,0.13,0,0.39
Clearwater River Wild Spring Chinook,2016,CH,W,Spr,Lower Granite Dam to Lower Granite Dam,774,0.13,0,0.39,0.13,0,0.39
Grande Ronde River Wild Spring Chinook,2016,CH,W,Spr,Lower Granite Dam to Bonneville Dam,2595,0.69,0.43,0.94,0.69,0.43,0.94
Grande Ronde River Wild Spring Chinook,2016,CH,W,Spr,Lower Granite Dam to Lower Granite Dam,2595,0.62,0.38,0.86,0.62,0.38,0.86
Grande Ronde River Wild Steelhead A-Run,2016,ST,W,Sum,Lower Granite Dam to Bonneville Dam,999,,,,1.2,0.69,1.77
Grande Ronde River Wild Steelhead A-Run,2016,ST,W,Sum,Lower Granite Dam to Lower Granite Dam,999,,,,1,0.52,1.56
Imnaha River Wild Summer Chinook,2016,CH,W,Sum,Lower Granite Dam to Bonneville Dam,1459,0.55,0.26,0.9,0.55,0.26,0.9
Imnaha River Wild Summer Chinook,2016,CH,W,Sum,Lower Granite Dam to Lower Granite Dam,1459,0.34,0.13,0.61,0.34,0.13,0.61
Imnaha River Wild Steelhead A-Run,2016,ST,W,Sum,Lower Granite Dam to Lower Granite Dam,1946,,,,1.08,0.72,1.45
Imnaha River Wild Steelhead A-Run,2016,ST,W,Sum,Lower Granite Dam to Bonneville Dam,1946,,,,1.49,1.06,1.96
Middle Fork Salmon River Wild Spring_Summer Chinook,2016,CH,W,SpSu,Lower Granite Dam to Bonneville Dam,2045,0.49,0.24,0.77,0.59,0.33,0.88
Middle Fork Salmon River Wild Spring_Summer Chinook,2016,CH,W,SpSu,Lower Granite Dam to Lower Granite Dam,2045,0.39,0.15,0.63,0.49,0.24,0.76
Salmon River Wild Steelhead A-Run,2016,ST,W,Sum,Lower Granite Dam to Lower Granite Dam,1433,,,,0.7,0.35,1.08
Salmon River Wild Steelhead A-Run,2016,ST,W,Sum,Lower Granite Dam to Bonneville Dam,1433,,,,0.7,0.35,1.08
South Fork Salmon River Wild Spring_Summer Chinook,2016,CH,W,SpSu,Lower Granite Dam to Bonneville Dam,863,0.46,0.12,0.82,0.46,0.12,0.82
South Fork Salmon River Wild Spring_Summer Chinook,2016,CH,W,SpSu,Lower Granite Dam to Lower Granite Dam,863,0.35,0,0.68,0.35,0,0.68
Tucannon River Wild Summer Steelhead,2016,ST,W,Sum,Lower Monumental Dam to Lower Monumental Dam,1670,,,,1.02,0.65,1.45
Tucannon River Wild Summer Steelhead,2016,ST,W,Sum,Lower Monumental Dam to Bonneville Dam,1670,,,,1.5,1.04,2.02
Tucannon River Wild Spring Chinook,2016,CH,W,Spr,Lower Monumental Dam to Bonneville Dam,659,0.3,0,0.73,0.3,0,0.73
Tucannon River Wild Spring Chinook,2016,CH,W,Spr,Lower Monumental Dam to Lower Monumental Dam,659,0.15,0,0.46,0.15,0,0.46
Upper Salmon River Wild Spring_Summer Chinook,2016,CH,W,SpSu,Lower Granite Dam to Bonneville Dam,4800,0.42,0.27,0.58,0.5,0.33,0.68
Upper Salmon River Wild Spring_Summer Chinook,2016,CH,W,SpSu,Lower Granite Dam to Lower Granite Dam,4800,0.27,0.15,0.4,0.35,0.21,0.5
Snake River Wild Spring_Summer Chinook,2015,CH,W,SpSu,Lower Granite Dam to Lower Granite Dam,12352,0.23,0.17,0.31,0.29,0.21,0.37
Snake River Wild Spring_Summer Chinook,2015,CH,W,SpSu,Lower Granite Dam to Bonneville Dam,12352,0.28,0.2,0.36,0.35,0.26,0.43
Snake River Wild Steelhead A-Run,2015,ST,W,Sum,Lower Granite Dam to Bonneville Dam,6284,,,,0.11,0.05,0.19
Snake River Wild Steelhead A-Run,2015,ST,W,Sum,Lower Granite Dam to Lower Granite Dam,6284,,,,0.21,0.12,0.32
Snake River Wild Steelhead B-Run,2015,ST,W,Sum,Lower Granite Dam to Bonneville Dam,1722,,,,0.12,0,0.27
Snake River Wild Steelhead B-Run,2015,ST,W,Sum,Lower Granite Dam to Lower Granite Dam,1722,,,,0.23,0.06,0.44
Snake River Wild Steelhead Aggregate,2015,ST,W,Sum,Lower Granite Dam to Bonneville Dam,8609,,,,0.2,0.12,0.28
Snake River Wild Steelhead Aggregate,2015,ST,W,Sum,Lower Granite Dam to Lower Granite Dam,8609,,,,0.1,0.05,0.16
Asotin River Wild Steelhead,2015,ST,W,Sum,Lower Granite Dam to Bonneville Dam,406,,,,0,0,0.73
Asotin River Wild Steelhead,2015,ST,W,Sum,Lower Granite Dam to Lower Granite Dam,406,,,,0,0,0.73
Clearwater River Wild Steelhead A-Run,2015,ST,W,Sum,Lower Granite Dam to Bonneville Dam,2195,,,,0.32,0.12,0.52
Clearwater River Wild Steelhead A-Run,2015,ST,W,Sum,Lower Granite Dam to Lower Granite Dam,2195,,,,0.14,0,0.28
Clearwater River Wild Spring Chinook,2015,CH,W,Spr,Lower Granite Dam to Bonneville Dam,510,0.2,0,0.57,0.2,0,0.57
Clearwater River Wild Spring Chinook,2015,CH,W,Spr,Lower Granite Dam to Lower Granite Dam,510,0.2,0,0.57,0.2,0,0.57
Grande Ronde River Wild Spring Chinook,2015,CH,W,Spr,Lower Granite Dam to Bonneville Dam,1327,0.68,0.31,1.08,0.83,0.44,1.24
Grande Ronde River Wild Spring Chinook,2015,CH,W,Spr,Lower Granite Dam to Lower Granite Dam,1327,0.53,0.21,0.88,0.6,0.25,0.98
Grande Ronde River Wild Steelhead A-Run,2015,ST,W,Sum,Lower Granite Dam to Bonneville Dam,1147,,,,0.44,0.16,0.81
Grande Ronde River Wild Steelhead A-Run,2015,ST,W,Sum,Lower Granite Dam to Lower Granite Dam,1147,,,,0.35,0.09,0.68
Imnaha River Wild Summer Chinook,2015,CH,W,Sum,Lower Granite Dam to Lower Granite Dam,3156,0.41,0.24,0.62,0.48,0.29,0.69
Imnaha River Wild Summer Chinook,2015,CH,W,Sum,Lower Granite Dam to Bonneville Dam,3156,0.48,0.29,0.69,0.54,0.34,0.77
Imnaha River Wild Steelhead A-Run,2015,ST,W,Sum,Lower Granite Dam to Bonneville Dam,2855,,,,0.18,0.07,0.31
Imnaha River Wild Steelhead A-Run,2015,ST,W,Sum,Lower Granite Dam to Lower Granite Dam,2855,,,,0.07,0,0.16
Middle Fork Salmon River Wild Spring_Summer Chinook,2015,CH,W,SpSu,Lower Granite Dam to Lower Granite Dam,2432,0.08,0,0.18,0.21,0.08,0.36
Middle Fork Salmon River Wild Spring_Summer Chinook,2015,CH,W,SpSu,Lower Granite Dam to Bonneville Dam,2432,0.08,0,0.18,0.21,0.08,0.36
Salmon River Wild Steelhead A-Run,2015,ST,W,Sum,Lower Granite Dam to Bonneville Dam,1122,,,,0,0,0.27
Salmon River Wild Steelhead A-Run,2015,ST,W,Sum,Lower Granite Dam to Lower Granite Dam,1122,,,,0,0,0.27
South Fork Salmon River Wild Spring_Summer Chinook,2015,CH,W,SpSu,Lower Granite Dam to Lower Granite Dam,422,0.24,0,0.71,0.24,0,0.71
South Fork Salmon River Wild Spring_Summer Chinook,2015,CH,W,SpSu,Lower Granite Dam to Bonneville Dam,422,0.47,0,1.05,0.47,0,1.05
Tucannon River Wild Summer Steelhead,2015,ST,W,Sum,Lower Monumental Dam to Bonneville Dam,205,,,,0.49,0,1.64
Tucannon River Wild Summer Steelhead,2015,ST,W,Sum,Lower Monumental Dam to Lower Monumental Dam,205,,,,0.49,0,1.64
Tucannon River Wild Spring Chinook,2015,CH,W,Spr,Lower Monumental Dam to Lower Monumental Dam,116,0,0,2.56,0,0,2.56
Tucannon River Wild Spring Chinook,2015,CH,W,Spr,Lower Monumental Dam to Bonneville Dam,116,0,0,2.56,0,0,2.56
Upper Salmon River Wild Spring_Summer Chinook,2015,CH,W,SpSu,Lower Granite Dam to Lower Granite Dam,2287,0.09,0,0.19,0.13,0,0.26
Upper Salmon River Wild Spring_Summer Chinook,2015,CH,W,SpSu,Lower Granite Dam to Bonneville Dam,2287,0.13,0,0.27,0.17,0.04,0.33
Snake River Wild Spring_Summer Chinook,2014,CH,W,SpSu,Lower Granite Dam to Lower Granite Dam,21434,0.52,0.44,0.6,0.57,0.48,0.66
Snake River Wild Spring_Summer Chinook,2014,CH,W,SpSu,Lower Granite Dam to Bonneville Dam,21434,0.61,0.53,0.7,0.69,0.6,0.79
Snake River Wild Steelhead A-Run,2014,ST,W,Sum,Lower Granite Dam to Bonneville Dam,6605,,,,1.38,1.14,1.63
Snake River Wild Steelhead A-Run,2014,ST,W,Sum,Lower Granite Dam to Lower Granite Dam,6605,,,,2.18,1.88,2.49
Snake River Wild Steelhead B-Run,2014,ST,W,Sum,Lower Granite Dam to Bonneville Dam,2177,,,,1.38,0.98,1.79
Snake River Wild Steelhead B-Run,2014,ST,W,Sum,Lower Granite Dam to Lower Granite Dam,2177,,,,1.88,1.4,2.34
Snake River Wild Steelhead Aggregate,2014,ST,W,Sum,Lower Granite Dam to Bonneville Dam,9662,,,,2.01,1.77,2.24
Snake River Wild Steelhead Aggregate,2014,ST,W,Sum,Lower Granite Dam to Lower Granite Dam,9662,,,,1.34,1.15,1.62
Asotin River Wild Steelhead,2014,ST,W,Sum,Lower Granite Dam to Bonneville Dam,1977,,,,1.26,0.86,1.68
Asotin River Wild Steelhead,2014,ST,W,Sum,Lower Granite Dam to Lower Granite Dam,1977,,,,0.66,0.35,0.97
Clearwater River Wild Steelhead A-Run,2014,ST,W,Sum,Lower Granite Dam to Bonneville Dam,1943,,,,1.85,1.36,2.37
Clearwater River Wild Steelhead A-Run,2014,ST,W,Sum,Lower Granite Dam to Lower Granite Dam,1943,,,,1.39,0.99,1.84
Clearwater River Wild Spring Chinook,2014,CH,W,Spr,Lower Granite Dam to Bonneville Dam,825,0.36,0,0.74,0.36,0,0.74
Clearwater River Wild Spring Chinook,2014,CH,W,Spr,Lower Granite Dam to Lower Granite Dam,825,0.24,0,0.57,0.24,0,0.57
Grande Ronde River Wild Spring Chinook,2014,CH,W,Spr,Lower Granite Dam to Lower Granite Dam,3391,1.3,0.98,1.64,1.36,1.04,1.7
Grande Ronde River Wild Spring Chinook,2014,CH,W,Spr,Lower Granite Dam to Bonneville Dam,3391,1.5,1.18,1.89,1.59,1.25,1.98
Grande Ronde River Wild Steelhead A-Run,2014,ST,W,Sum,Lower Granite Dam to Lower Granite Dam,632,,,,1.42,0.74,2.22
Grande Ronde River Wild Steelhead A-Run,2014,ST,W,Sum,Lower Granite Dam to Bonneville Dam,632,,,,2.69,1.64,3.71
Imnaha River Wild Summer Chinook,2014,CH,W,Sum,Lower Granite Dam to Bonneville Dam,3401,0.5,0.31,0.69,0.62,0.41,0.85
Imnaha River Wild Summer Chinook,2014,CH,W,Sum,Lower Granite Dam to Lower Granite Dam,3401,0.44,0.27,0.62,0.5,0.32,0.7
Imnaha River Wild Steelhead A-Run,2014,ST,W,Sum,Lower Granite Dam to Lower Granite Dam,3156,,,,1.87,1.49,2.27
Imnaha River Wild Steelhead A-Run,2014,ST,W,Sum,Lower Granite Dam to Bonneville Dam,3156,,,,2.82,2.34,3.32
Middle Fork Salmon River Wild Spring_Summer Chinook,2014,CH,W,SpSu,Lower Granite Dam to Bonneville Dam,3044,0.56,0.34,0.79,0.66,0.4,0.92
Middle Fork Salmon River Wild Spring_Summer Chinook,2014,CH,W,SpSu,Lower Granite Dam to Lower Granite Dam,3044,0.49,0.29,0.72,0.56,0.33,0.8
Salmon River Wild Steelhead A-Run,2014,ST,W,Sum,Lower Granite Dam to Lower Granite Dam,1100,,,,1.27,0.76,1.9
Salmon River Wild Steelhead A-Run,2014,ST,W,Sum,Lower Granite Dam to Bonneville Dam,1100,,,,1.73,1.1,2.41
South Fork Salmon River Wild Spring_Summer Chinook,2014,CH,W,SpSu,Lower Granite Dam to Bonneville Dam,517,0.77,0.19,1.45,0.77,0.19,1.45
South Fork Salmon River Wild Spring_Summer Chinook,2014,CH,W,SpSu,Lower Granite Dam to Lower Granite Dam,517,0.77,0.19,1.45,0.77,0.19,1.56
Upper Salmon River Wild Spring_Summer Chinook,2014,CH,W,SpSu,Lower Granite Dam to Bonneville Dam,3477,0.4,0.23,0.58,0.43,0.25,0.61
Upper Salmon River Wild Spring_Summer Chinook,2014,CH,W,SpSu,Lower Granite Dam to Lower Granite Dam,3477,0.35,0.18,0.51,0.37,0.2,0.54
Snake River Wild Spring_Summer Chinook,2013,CH,W,SpSu,Lower Granite Dam to Lower Granite Dam,19033,1.2,1.07,1.34,1.36,1.22,1.51
Snake River Wild Spring_Summer Chinook,2013,CH,W,SpSu,Lower Granite Dam to Bonneville Dam,19033,1.54,1.4,1.7,1.7,1.56,1.87
Snake River Wild Steelhead A-Run,2013,ST,W,Sum,Lower Granite Dam to Bonneville Dam,4643,,,,2.33,1.98,2.69
Snake River Wild Steelhead A-Run,2013,ST,W,Sum,Lower Granite Dam to Lower Granite Dam,4643,,,,3.23,2.83,3.65
Snake River Wild Steelhead B-Run,2013,ST,W,Sum,Lower Granite Dam to Bonneville Dam,2555,,,,1.84,1.41,2.31
Snake River Wild Steelhead B-Run,2013,ST,W,Sum,Lower Granite Dam to Lower Granite Dam,2555,,,,2.35,1.85,2.86
Snake River Wild Steelhead Aggregate,2013,ST,W,Sum,Lower Granite Dam to Bonneville Dam,8424,,,,2.69,2.39,3.01
Snake River Wild Steelhead Aggregate,2013,ST,W,Sum,Lower Granite Dam to Lower Granite Dam,8424,,,,1.99,1.73,2.25
Clearwater River Wild Steelhead A-Run,2013,ST,W,Sum,Lower Granite Dam to Bonneville Dam,3080,,,,2.66,2.19,3.14
Clearwater River Wild Steelhead A-Run,2013,ST,W,Sum,Lower Granite Dam to Lower Granite Dam,3080,,,,2.31,1.87,2.74
Clearwater River Wild Spring Chinook,2013,CH,W,Spr,Lower Granite Dam to Lower Granite Dam,1095,0.37,0.09,0.65,0.37,0.09,0.65
Clearwater River Wild Spring Chinook,2013,CH,W,Spr,Lower Granite Dam to Bonneville Dam,1095,0.73,0.33,1.16,0.73,0.33,1.16
Grande Ronde River Wild Spring Chinook,2013,CH,W,Spr,Lower Granite Dam to Bonneville Dam,3232,1.92,1.51,2.28,2.17,1.74,2.57
Grande Ronde River Wild Spring Chinook,2013,CH,W,Spr,Lower Granite Dam to Lower Granite Dam,3232,1.55,1.18,1.9,1.79,1.4,2.16
Grande Ronde River Wild Steelhead A-Run,2013,ST,W,Sum,Lower Granite Dam to Bonneville Dam,657,,,,3.8,2.57,5.05
Grande Ronde River Wild Steelhead A-Run,2013,ST,W,Sum,Lower Granite Dam to Lower Granite Dam,657,,,,2.43,1.47,3.48
Imnaha River Wild Summer Chinook,2013,CH,W,Sum,Lower Granite Dam to Lower Granite Dam,3012,1.2,0.88,1.54,1.43,1.08,1.79
Imnaha River Wild Summer Chinook,2013,CH,W,Sum,Lower Granite Dam to Bonneville Dam,3012,1.46,1.11,1.81,1.69,1.3,2.07
Imnaha River Wild Steelhead A-Run,2013,ST,W,Sum,Lower Granite Dam to Bonneville Dam,2706,,,,3.03,2.49,3.57
Imnaha River Wild Steelhead A-Run,2013,ST,W,Sum,Lower Granite Dam to Lower Granite Dam,2706,,,,2,1.57,2.44
Middle Fork Salmon River Wild Spring_Summer Chinook,2013,CH,W,SpSu,Lower Granite Dam to Lower Granite Dam,2333,1.46,1.04,1.88,1.54,1.11,1.98
Middle Fork Salmon River Wild Spring_Summer Chinook,2013,CH,W,SpSu,Lower Granite Dam to Bonneville Dam,2333,1.76,1.32,2.22,1.84,1.39,2.32
Salmon River Wild Steelhead A-Run,2013,ST,W,Sum,Lower Granite Dam to Bonneville Dam,1280,,,,2.27,1.57,2.96
Salmon River Wild Steelhead A-Run,2013,ST,W,Sum,Lower Granite Dam to Lower Granite Dam,1280,,,,1.48,0.9,2.06
South Fork Salmon River Wild Spring_Summer Chinook,2013,CH,W,SpSu,Lower Granite Dam to Lower Granite Dam,608,0.99,0.33,1.69,0.99,0.33,1.69
South Fork Salmon River Wild Spring_Summer Chinook,2013,CH,W,SpSu,Lower Granite Dam to Bonneville Dam,608,1.48,0.7,2.28,1.48,0.7,2.28
Upper Salmon River Wild Spring_Summer Chinook,2013,CH,W,SpSu,Lower Granite Dam to Lower Granite Dam,3527,1.22,0.92,1.54,1.28,0.99,1.6
Upper Salmon River Wild Spring_Summer Chinook,2013,CH,W,SpSu,Lower Granite Dam to Bonneville Dam,3527,1.64,1.31,2.02,1.7,1.37,2.09
Snake River Wild Spring_Summer Chinook,2012,CH,W,SpSu,Lower Granite Dam to Lower Granite Dam,21559,1.1,0.99,1.22,1.43,1.31,1.57
Snake River Wild Spring_Summer Chinook,2012,CH,W,SpSu,Lower Granite Dam to Bonneville Dam,21559,1.48,1.35,1.63,1.84,1.7,1.99
Snake River Wild Steelhead A-Run,2012,ST,W,Sum,Lower Granite Dam to Bonneville Dam,3210,,,,2.74,2.26,3.23
Snake River Wild Steelhead A-Run,2012,ST,W,Sum,Lower Granite Dam to Lower Granite Dam,3210,,,,3.8,3.19,4.35
Snake River Wild Steelhead B-Run,2012,ST,W,Sum,Lower Granite Dam to Bonneville Dam,3323,,,,2.44,2.02,2.88
Snake River Wild Steelhead B-Run,2012,ST,W,Sum,Lower Granite Dam to Lower Granite Dam,3323,,,,3.13,2.68,3.66
Snake River Wild Steelhead Aggregate,2012,ST,W,Sum,Lower Granite Dam to Bonneville Dam,6902,,,,3.39,3.04,3.76
Snake River Wild Steelhead Aggregate,2012,ST,W,Sum,Lower Granite Dam to Lower Granite Dam,6902,,,,2.54,2.23,2.86
Clearwater River Wild Steelhead A-Run,2012,ST,W,Sum,Lower Granite Dam to Lower Granite Dam,2969,,,,2.73,2.23,3.26
Clearwater River Wild Steelhead A-Run,2012,ST,W,Sum,Lower Granite Dam to Bonneville Dam,2969,,,,3.37,2.82,3.93
Clearwater River Wild Spring Chinook,2012,CH,W,Spr,Lower Granite Dam to Bonneville Dam,1303,0.69,0.35,1.11,0.69,0.35,1.11
Clearwater River Wild Spring Chinook,2012,CH,W,Spr,Lower Granite Dam to Lower Granite Dam,1303,0.69,0.32,1.12,0.69,0.32,1.12
Grande Ronde River Wild Spring Chinook,2012,CH,W,Spr,Lower Granite Dam to Lower Granite Dam,3092,1.46,1.13,1.85,1.65,1.3,2.06
Grande Ronde River Wild Spring Chinook,2012,CH,W,Spr,Lower Granite Dam to Bonneville Dam,3092,2,1.59,2.44,2.2,1.78,2.65
Grande Ronde River Wild Steelhead A-Run,2012,ST,W,Sum,Lower Granite Dam to Lower Granite Dam,532,,,,3.57,2.25,4.95
Grande Ronde River Wild Steelhead A-Run,2012,ST,W,Sum,Lower Granite Dam to Bonneville Dam,532,,,,4.14,2.68,5.59
Imnaha River Wild Summer Chinook,2012,CH,W,Sum,Lower Granite Dam to Bonneville Dam,2384,1.13,0.77,1.49,1.51,1.09,1.93
Imnaha River Wild Summer Chinook,2012,CH,W,Sum,Lower Granite Dam to Lower Granite Dam,2384,0.8,0.51,1.1,1.01,0.7,1.35
Imnaha River Wild Steelhead A-Run,2012,ST,W,Sum,Lower Granite Dam to Lower Granite Dam,1577,,,,2.35,1.73,2.96
Imnaha River Wild Steelhead A-Run,2012,ST,W,Sum,Lower Granite Dam to Bonneville Dam,1577,,,,3.8,3.01,4.58
Middle Fork Salmon River Wild Spring_Summer Chinook,2012,CH,W,SpSu,Lower Granite Dam to Bonneville Dam,2518,1.35,0.98,1.73,2.03,1.56,2.49
Middle Fork Salmon River Wild Spring_Summer Chinook,2012,CH,W,SpSu,Lower Granite Dam to Lower Granite Dam,2518,0.91,0.59,1.24,1.59,1.17,2.01
Salmon River Wild Steelhead A-Run,2012,ST,W,Sum,Lower Granite Dam to Lower Granite Dam,1366,,,,2.71,2,3.45
Salmon River Wild Steelhead A-Run,2012,ST,W,Sum,Lower Granite Dam to Bonneville Dam,1366,,,,3.59,2.8,4.41
South Fork Salmon River Wild Spring_Summer Chinook,2012,CH,W,SpSu,Lower Granite Dam to Bonneville Dam,888,1.24,0.67,1.86,1.24,0.67,1.86
South Fork Salmon River Wild Spring_Summer Chinook,2012,CH,W,SpSu,Lower Granite Dam to Lower Granite Dam,888,1.01,0.54,1.6,1.01,0.54,1.6
Upper Salmon River Wild Spring_Summer Chinook,2012,CH,W,SpSu,Lower Granite Dam to Bonneville Dam,3783,1.88,1.54,2.25,2.33,1.93,2.76
Upper Salmon River Wild Spring_Summer Chinook,2012,CH,W,SpSu,Lower Granite Dam to Lower Granite Dam,3783,1.53,1.23,1.87,1.98,1.62,2.38
Snake River Wild Spring_Summer Chinook,2011,CH,W,SpSu,Lower Granite Dam to Lower Granite Dam,23327,0.33,0.27,0.4,0.36,0.3,0.43
Snake River Wild Spring_Summer Chinook,2011,CH,W,SpSu,Lower Granite Dam to Bonneville Dam,23327,0.42,0.35,0.49,0.45,0.38,0.53
Snake River Wild Steelhead A-Run,2011,ST,W,Sum,Lower Granite Dam to Bonneville Dam,3014,,,,1.39,1.07,1.75
Snake River Wild Steelhead A-Run,2011,ST,W,Sum,Lower Granite Dam to Lower Granite Dam,3014,,,,2.16,1.74,2.61
Snake River Wild Steelhead B-Run,2011,ST,W,Sum,Lower Granite Dam to Bonneville Dam,1899,,,,1.05,0.67,1.44
Snake River Wild Steelhead B-Run,2011,ST,W,Sum,Lower Granite Dam to Lower Granite Dam,1899,,,,1.32,0.91,1.72
Snake River Wild Steelhead Aggregate,2011,ST,W,Sum,Lower Granite Dam to Bonneville Dam,4943,,,,1.84,1.5,2.19
Snake River Wild Steelhead Aggregate,2011,ST,W,Sum,Lower Granite Dam to Lower Granite Dam,4943,,,,1.27,1.02,1.55
Clearwater River Wild Steelhead A-Run,2011,ST,W,Sum,Lower Granite Dam to Bonneville Dam,1830,,,,1.15,0.75,1.54
Clearwater River Wild Steelhead A-Run,2011,ST,W,Sum,Lower Granite Dam to Lower Granite Dam,1830,,,,1.09,0.7,1.51
Clearwater River Wild Spring Chinook,2011,CH,W,Spr,Lower Granite Dam to Lower Granite Dam,1433,0.35,0.07,0.62,0.35,0.07,0.62
Clearwater River Wild Spring Chinook,2011,CH,W,Spr,Lower Granite Dam to Bonneville Dam,1433,0.49,0.2,0.78,0.49,0.2,0.78
Grande Ronde River Wild Spring Chinook,2011,CH,W,Spr,Lower Granite Dam to Bonneville Dam,3263,0.49,0.31,0.72,0.49,0.31,0.72
Grande Ronde River Wild Spring Chinook,2011,CH,W,Spr,Lower Granite Dam to Lower Granite Dam,3263,0.43,0.25,0.63,0.43,0.25,0.63
Grande Ronde River Wild Steelhead A-Run,2011,ST,W,Sum,Lower Granite Dam to Bonneville Dam,654,,,,3.21,2.09,4.42
Grande Ronde River Wild Steelhead A-Run,2011,ST,W,Sum,Lower Granite Dam to Lower Granite Dam,654,,,,1.83,0.94,2.75
Imnaha River Wild Summer Chinook,2011,CH,W,Sum,Lower Granite Dam to Lower Granite Dam,5411,0.33,0.16,0.53,0.37,0.17,0.59
Imnaha River Wild Summer Chinook,2011,CH,W,Sum,Lower Granite Dam to Bonneville Dam,2411,0.41,0.21,0.63,0.5,0.29,0.74
Imnaha River Wild Steelhead A-Run,2011,ST,W,Sum,Lower Granite Dam to Bonneville Dam,960,,,,1.67,1.02,2.37
Imnaha River Wild Steelhead A-Run,2011,ST,W,Sum,Lower Granite Dam to Lower Granite Dam,960,,,,1.04,0.52,1.58
Middle Fork Salmon River Wild Spring_Summer Chinook,2011,CH,W,SpSu,Lower Granite Dam to Lower Granite Dam,3186,0.35,0.19,0.52,0.44,0.25,0.63
Middle Fork Salmon River Wild Spring_Summer Chinook,2011,CH,W,SpSu,Lower Granite Dam to Bonneville Dam,3186,0.41,0.22,0.59,0.5,0.31,0.7
Salmon River Wild Steelhead A-Run,2011,ST,W,Sum,Lower Granite Dam to Bonneville Dam,1474,,,,2.17,1.59,2.75
Salmon River Wild Steelhead A-Run,2011,ST,W,Sum,Lower Granite Dam to Lower Granite Dam,1474,,,,1.36,0.89,1.85
South Fork Salmon River Wild Spring_Summer Chinook,2011,CH,W,SpSu,Lower Granite Dam to Lower Granite Dam,1103,0.27,0.09,0.57,0.27,0.09,0.57
South Fork Salmon River Wild Spring_Summer Chinook,2011,CH,W,SpSu,Lower Granite Dam to Bonneville Dam,1103,0.27,0.09,0.57,0.27,0.09,0.57
Snake River Wild Fall Chinook,2011,CH,W,Fall,Lower Granite Dam to Lower Granite Dam,1467,0.68,0.36,1.06,0.95,0.55,1.39
Snake River Wild Fall Chinook,2011,CH,W,Fall,Lower Granite Dam to Bonneville Dam,1467,0.89,0.52,1.33,1.16,0.74,1.66
Upper Salmon River Wild Spring_Summer Chinook,2011,CH,W,SpSu,Lower Granite Dam to Lower Granite Dam,4805,0.35,0.23,0.5,0.35,0.23,0.5
Upper Salmon River Wild Spring_Summer Chinook,2011,CH,W,SpSu,Lower Granite Dam to Bonneville Dam,4805,0.46,0.31,0.62,0.46,0.31,0.62
Snake River Wild Spring_Summer Chinook,2010,CH,W,SpSu,Lower Granite Dam to Lower Granite Dam,26604,0.74,0.65,0.83,0.93,0.83,1.03
Snake River Wild Spring_Summer Chinook,2010,CH,W,SpSu,Lower Granite Dam to Bonneville Dam,26604,0.92,0.83,1.02,1.16,1.05,1.26
Snake River Wild Steelhead A-Run,2010,ST,W,Sum,Lower Granite Dam to Bonneville Dam,4661,,,,2.06,1.71,2.43
Snake River Wild Steelhead A-Run,2010,ST,W,Sum,Lower Granite Dam to Lower Granite Dam,4661,,,,2.92,2.49,3.36
Snake River Wild Steelhead B-Run,2010,ST,W,Sum,Lower Granite Dam to Bonneville Dam,2713,,,,1.29,0.94,1.64
Snake River Wild Steelhead B-Run,2010,ST,W,Sum,Lower Granite Dam to Lower Granite Dam,2713,,,,1.73,1.29,2.13
Snake River Wild Steelhead Aggregate,2010,ST,W,Sum,Lower Granite Dam to Bonneville Dam,8215,,,,2.4,2.12,2.69
Snake River Wild Steelhead Aggregate,2010,ST,W,Sum,Lower Granite Dam to Lower Granite Dam,8215,,,,1.73,1.48,1.98
Clearwater River Wild Steelhead A-Run,2010,ST,W,Sum,Lower Granite Dam to Lower Granite Dam,3608,,,,1.44,1.11,1.75
Clearwater River Wild Steelhead A-Run,2010,ST,W,Sum,Lower Granite Dam to Bonneville Dam,3608,,,,1.88,1.52,2.24
Clearwater River Wild Spring Chinook,2010,CH,W,Spr,Lower Granite Dam to Bonneville Dam,5725,1.05,0.84,1.29,1.07,0.85,1.31
Clearwater River Wild Spring Chinook,2010,CH,W,Spr,Lower Granite Dam to Lower Granite Dam,5725,0.75,0.57,0.95,0.75,0.57,0.95
Grande Ronde River Wild Spring Chinook,2010,CH,W,Spr,Lower Granite Dam to Lower Granite Dam,3723,0.54,0.34,0.73,0.64,0.43,0.84
Grande Ronde River Wild Spring Chinook,2010,CH,W,Spr,Lower Granite Dam to Bonneville Dam,3723,0.81,0.58,1.05,0.94,0.68,1.18
Grande Ronde River Wild Steelhead A-Run,2010,ST,W,Sum,Lower Granite Dam to Lower Granite Dam,482,,,,2.9,1.64,4.18
Grande Ronde River Wild Steelhead A-Run,2010,ST,W,Sum,Lower Granite Dam to Bonneville Dam,482,,,,4.15,2.59,5.83
Imnaha River Wild Summer Chinook,2010,CH,W,Sum,Lower Granite Dam to Bonneville Dam,4065,0.93,0.7,1.22,1.28,1.01,1.59
Imnaha River Wild Summer Chinook,2010,CH,W,Sum,Lower Granite Dam to Lower Granite Dam,4065,0.84,0.63,1.1,1.11,0.85,1.39
Imnaha River Wild Steelhead A-Run,2010,ST,W,Sum,Lower Granite Dam to Lower Granite Dam,2221,,,,1.89,1.42,2.41
Imnaha River Wild Steelhead A-Run,2010,ST,W,Sum,Lower Granite Dam to Bonneville Dam,2221,,,,2.66,2.09,3.28
Middle Fork Salmon River Wild Spring_Summer Chinook,2010,CH,W,SpSu,Lower Granite Dam to Bonneville Dam,2868,1.12,0.8,1.43,1.85,1.44,2.26
Middle Fork Salmon River Wild Spring_Summer Chinook,2010,CH,W,SpSu,Lower Granite Dam to Lower Granite Dam,2868,0.94,0.63,1.25,1.6,1.21,1.98
Salmon River Wild Steelhead A-Run,2010,ST,W,Sum,Lower Granite Dam to Lower Granite Dam,1829,,,,1.86,1.29,2.41
Salmon River Wild Steelhead A-Run,2010,ST,W,Sum,Lower Granite Dam to Bonneville Dam,1829,,,,2.73,2.05,3.46
South Fork Salmon River Wild Spring_Summer Chinook,2010,CH,W,SpSu,Lower Granite Dam to Bonneville Dam,1504,1.53,1.03,2.1,1.86,1.31,2.52
South Fork Salmon River Wild Spring_Summer Chinook,2010,CH,W,SpSu,Lower Granite Dam to Lower Granite Dam,1504,1.4,0.91,1.94,1.6,1.08,2.18
Upper Salmon River Wild Spring_Summer Chinook,2010,CH,W,SpSu,Lower Granite Dam to Bonneville Dam,3612,1.11,0.83,1.37,1.27,0.96,1.56
Upper Salmon River Wild Spring_Summer Chinook,2010,CH,W,SpSu,Lower Granite Dam to Lower Granite Dam,3612,0.94,0.69,1.19,1.08,0.8,1.34
Snake River Wild Spring_Summer Chinook,2009,CH,W,SpSu,Lower Granite Dam to Lower Granite Dam,18775,1.45,1.3,1.6,1.61,1.45,1.76
Snake River Wild Spring_Summer Chinook,2009,CH,W,SpSu,Lower Granite Dam to Bonneville Dam,18775,1.93,1.76,2.1,2.09,1.92,2.26
Snake River Wild Steelhead A-Run,2009,ST,W,Sum,Lower Granite Dam to Bonneville Dam,3571,,,,2.88,2.43,3.39
Snake River Wild Steelhead A-Run,2009,ST,W,Sum,Lower Granite Dam to Lower Granite Dam,3571,,,,4.23,3.68,4.81
Snake River Wild Steelhead B-Run,2009,ST,W,Sum,Lower Granite Dam to Bonneville Dam,2398,,,,1.83,1.39,2.29
Snake River Wild Steelhead B-Run,2009,ST,W,Sum,Lower Granite Dam to Lower Granite Dam,2398,,,,2.59,2.07,3.14
Snake River Wild Steelhead Aggregate,2009,ST,W,Sum,Lower Granite Dam to Bonneville Dam,5989,,,,3.56,3.16,3.95
Snake River Wild Steelhead Aggregate,2009,ST,W,Sum,Lower Granite Dam to Lower Granite Dam,5989,,,,2.45,2.13,2.79
Clearwater River Wild Steelhead A-Run,2009,ST,W,Sum,Lower Granite Dam to Bonneville Dam,1753,,,,2.28,1.72,2.88
Clearwater River Wild Steelhead A-Run,2009,ST,W,Sum,Lower Granite Dam to Lower Granite Dam,1753,,,,1.71,1.24,2.22
Clearwater River Wild Spring Chinook,2009,CH,W,Spr,Lower Granite Dam to Lower Granite Dam,1068,1.03,0.56,1.57,1.03,0.56,1.57
Clearwater River Wild Spring Chinook,2009,CH,W,Spr,Lower Granite Dam to Bonneville Dam,1068,1.41,0.83,2,1.41,0.83,2
Grande Ronde River Wild Spring Chinook,2009,CH,W,Spr,Lower Granite Dam to Bonneville Dam,2777,2.77,2.23,3.31,2.85,2.31,3.39
Grande Ronde River Wild Spring Chinook,2009,CH,W,Spr,Lower Granite Dam to Lower Granite Dam,2777,2.16,1.68,2.63,2.3,1.84,2.78
Grande Ronde River Wild Steelhead A-Run,2009,ST,W,Sum,Lower Granite Dam to Bonneville Dam,345,,,,4.34,2.65,6.32
Grande Ronde River Wild Steelhead A-Run,2009,ST,W,Sum,Lower Granite Dam to Lower Granite Dam,345,,,,2.32,1.1,3.76
Imnaha River Wild Summer Chinook,2009,CH,W,Sum,Lower Granite Dam to Lower Granite Dam,3161,1.68,1.3,2.06,1.9,1.51,2.3
Imnaha River Wild Summer Chinook,2009,CH,W,Sum,Lower Granite Dam to Bonneville Dam,3161,2.44,2,2.9,2.66,2.2,3.12
Imnaha River Wild Steelhead A-Run,2009,ST,W,Sum,Lower Granite Dam to Bonneville Dam,2226,,,,5.08,4.35,5.91
Imnaha River Wild Steelhead A-Run,2009,ST,W,Sum,Lower Granite Dam to Lower Granite Dam,2226,,,,3.64,2.96,4.33
Middle Fork Salmon River Wild Spring_Summer Chinook,2009,CH,W,SpSu,Lower Granite Dam to Lower Granite Dam,2629,1.14,0.8,1.47,1.56,1.17,1.95
Middle Fork Salmon River Wild Spring_Summer Chinook,2009,CH,W,SpSu,Lower Granite Dam to Bonneville Dam,2629,1.56,1.16,1.94,1.98,1.54,2.44
Salmon River Wild Steelhead A-Run,2009,ST,W,Sum,Lower Granite Dam to Bonneville Dam,1450,,,,3.1,2.37,3.85
Salmon River Wild Steelhead A-Run,2009,ST,W,Sum,Lower Granite Dam to Lower Granite Dam,1450,,,,1.93,1.36,2.54
South Fork Salmon River Wild Spring_Summer Chinook,2009,CH,W,SpSu,Lower Granite Dam to Lower Granite Dam,1895,1.37,0.97,1.83,1.53,1.1,2
South Fork Salmon River Wild Spring_Summer Chinook,2009,CH,W,SpSu,Lower Granite Dam to Bonneville Dam,1895,1.85,1.36,2.37,2.01,1.5,2.55
Snake River Wild Fall Chinook,2009,CH,W,Fall,Lower Granite Dam to Lower Granite Dam,496,0.81,0.2,1.51,1.01,0.38,1.79
Snake River Wild Fall Chinook,2009,CH,W,Fall,Lower Granite Dam to Bonneville Dam,496,1.41,0.64,2.34,1.61,0.76,2.64
Upper Salmon River Wild Spring_Summer Chinook,2009,CH,W,SpSu,Lower Granite Dam to Lower Granite Dam,2110,1.56,1.12,2.02,1.61,1.17,2.08
Upper Salmon River Wild Spring_Summer Chinook,2009,CH,W,SpSu,Lower Granite Dam to Bonneville Dam,2110,1.94,1.49,2.48,1.99,1.52,2.52
Snake River Wild Spring_Summer Chinook,2008,CH,W,SpSu,Lower Granite Dam to Lower Granite Dam,18531,2.75,2.56,2.94,3.24,3.04,3.46
Snake River Wild Spring_Summer Chinook,2008,CH,W,SpSu,Lower Granite Dam to Bonneville Dam,18531,3.58,3.37,3.81,4.14,3.92,4.39
Snake River Wild Steelhead A-Run,2008,ST,W,Sum,Lower Granite Dam to Bonneville Dam,1643,,,,2.56,1.9,3.21
Snake River Wild Steelhead A-Run,2008,ST,W,Sum,Lower Granite Dam to Lower Granite Dam,1643,,,,3.71,2.93,4.52
Snake River Wild Steelhead B-Run,2008,ST,W,Sum,Lower Granite Dam to Bonneville Dam,3539,,,,3.56,3.07,4.1
Snake River Wild Steelhead B-Run,2008,ST,W,Sum,Lower Granite Dam to Lower Granite Dam,3539,,,,4.72,4.16,5.34
Snake River Wild Steelhead Aggregate,2008,ST,W,Sum,Lower Granite Dam to Bonneville Dam,5733,,,,4.36,3.91,4.82
Snake River Wild Steelhead Aggregate,2008,ST,W,Sum,Lower Granite Dam to Lower Granite Dam,5733,,,,3.21,2.82,3.6
Clearwater River Wild Steelhead A-Run,2008,ST,W,Sum,Lower Granite Dam to Lower Granite Dam,3524,,,,2.81,2.36,3.25
Clearwater River Wild Steelhead A-Run,2008,ST,W,Sum,Lower Granite Dam to Bonneville Dam,3524,,,,3.97,3.41,4.5
Clearwater River Wild Spring Chinook,2008,CH,W,Spr,Lower Granite Dam to Bonneville Dam,1136,1.76,1.16,2.46,1.94,1.3,2.69
Clearwater River Wild Spring Chinook,2008,CH,W,Spr,Lower Granite Dam to Lower Granite Dam,1136,1.41,0.87,2.08,1.58,1.02,2.29
Grande Ronde River Wild Spring Chinook,2008,CH,W,Spr,Lower Granite Dam to Lower Granite Dam,2393,2.92,2.31,3.5,3.26,2.64,3.87
Grande Ronde River Wild Spring Chinook,2008,CH,W,Spr,Lower Granite Dam to Bonneville Dam,2393,3.8,3.12,4.45,4.14,3.43,4.83
Grande Ronde River Wild Steelhead A-Run,2008,ST,W,Sum,Lower Granite Dam to Lower Granite Dam,349,,,,3.44,1.86,4.99
Grande Ronde River Wild Steelhead A-Run,2008,ST,W,Sum,Lower Granite Dam to Bonneville Dam,349,,,,5.73,3.71,7.83
Imnaha River Wild Summer Chinook,2008,CH,W,Sum,Lower Granite Dam to Bonneville Dam,4034,3.89,3.39,4.39,4.74,4.2,5.31
Imnaha River Wild Summer Chinook,2008,CH,W,Sum,Lower Granite Dam to Lower Granite Dam,4034,2.83,2.41,3.25,3.55,3.07,4.02
Imnaha River Wild Steelhead A-Run,2008,ST,W,Sum,Lower Granite Dam to Lower Granite Dam,2064,,,,5.17,1.79,9.16
Imnaha River Wild Steelhead A-Run,2008,ST,W,Sum,Lower Granite Dam to Bonneville Dam,2064,,,,5.57,2.14,9.59
Middle Fork Salmon River Wild Spring_Summer Chinook,2008,CH,W,SpSu,Lower Granite Dam to Bonneville Dam,3006,3.53,2.96,4.11,4.12,3.53,4.74
Middle Fork Salmon River Wild Spring_Summer Chinook,2008,CH,W,SpSu,Lower Granite Dam to Lower Granite Dam,3006,2.96,2.47,3.49,3.49,2.95,4.04
Salmon River Wild Steelhead A-Run,2008,ST,W,Sum,Lower Granite Dam to Lower Granite Dam,1400,,,,5.14,4.15,6.18
Salmon River Wild Steelhead A-Run,2008,ST,W,Sum,Lower Granite Dam to Bonneville Dam,1400,,,,6.36,5.25,7.48
South Fork Salmon River Wild Spring_Summer Chinook,2008,CH,W,SpSu,Lower Granite Dam to Bonneville Dam,1614,4.83,3.94,5.75,5.82,4.85,6.8
South Fork Salmon River Wild Spring_Summer Chinook,2008,CH,W,SpSu,Lower Granite Dam to Lower Granite Dam,1614,3.9,3.12,4.71,4.77,3.93,5.64
Snake River Wild Fall Chinook,2008,CH,W,Fall,Lower Granite Dam to Bonneville Dam,301,2.32,0.96,3.81,3.32,1.69,5.11
Snake River Wild Fall Chinook,2008,CH,W,Fall,Lower Granite Dam to Lower Granite Dam,301,1.33,0.33,2.48,1.99,0.69,3.39
Upper Salmon River Wild Spring_Summer Chinook,2008,CH,W,SpSu,Lower Granite Dam to Bonneville Dam,1612,3.91,3.1,4.72,4.09,3.29,4.89
Upper Salmon River Wild Spring_Summer Chinook,2008,CH,W,SpSu,Lower Granite Dam to Lower Granite Dam,1612,2.73,2.01,3.41,2.85,2.1,3.53
Snake River Wild Spring_Summer Chinook,2007,CH,W,SpSu,Lower Granite Dam to Lower Granite Dam,14953,0.98,0.84,1.11,1.09,0.95,1.23
Snake River Wild Spring_Summer Chinook,2007,CH,W,SpSu,Lower Granite Dam to Bonneville Dam,14953,1.16,1.01,1.29,1.27,1.11,1.41
Snake River Wild Steelhead A-Run,2007,ST,W,Sum,Lower Granite Dam to Bonneville Dam,4496,,,,3.29,2.84,3.74
Snake River Wild Steelhead A-Run,2007,ST,W,Sum,Lower Granite Dam to Lower Granite Dam,4496,,,,4.27,3.73,4.76
Snake River Wild Steelhead B-Run,2007,ST,W,Sum,Lower Granite Dam to Bonneville Dam,1855,,,,1.4,0.95,1.84
Snake River Wild Steelhead B-Run,2007,ST,W,Sum,Lower Granite Dam to Lower Granite Dam,1855,,,,1.78,1.26,2.27
Snake River Wild Steelhead Aggregate,2007,ST,W,Sum,Lower Granite Dam to Bonneville Dam,7076,,,,3.31,2.95,3.65
Snake River Wild Steelhead Aggregate,2007,ST,W,Sum,Lower Granite Dam to Lower Granite Dam,7076,,,,2.57,2.26,2.88
Clearwater River Wild Steelhead A-Run,2007,ST,W,Sum,Lower Granite Dam to Bonneville Dam,2253,,,,1.51,1.08,1.94
Clearwater River Wild Steelhead A-Run,2007,ST,W,Sum,Lower Granite Dam to Lower Granite Dam,2253,,,,1.15,0.78,1.56
Clearwater River Wild Spring Chinook,2007,CH,W,Spr,Lower Granite Dam to Lower Granite Dam,576,0.87,0.33,1.59,0.87,0.33,1.59
Clearwater River Wild Spring Chinook,2007,CH,W,Spr,Lower Granite Dam to Bonneville Dam,576,1.04,0.36,1.83,1.04,0.36,1.83
Grande Ronde River Wild Spring Chinook,2007,CH,W,Spr,Lower Granite Dam to Bonneville Dam,2687,1.49,1.14,1.9,1.71,1.35,2.13
Grande Ronde River Wild Spring Chinook,2007,CH,W,Spr,Lower Granite Dam to Lower Granite Dam,2687,1.15,0.84,1.5,1.38,1.04,1.74
Grande Ronde River Wild Steelhead A-Run,2007,ST,W,Sum,Lower Granite Dam to Bonneville Dam,423,,,,4.96,3.2,6.67
Grande Ronde River Wild Steelhead A-Run,2007,ST,W,Sum,Lower Granite Dam to Lower Granite Dam,423,,,,4.49,2.87,6.15
Imnaha River Wild Summer Chinook,2007,CH,W,Sum,Lower Granite Dam to Lower Granite Dam,4112,0.63,0.43,0.83,0.78,0.55,1
Imnaha River Wild Summer Chinook,2007,CH,W,Sum,Lower Granite Dam to Bonneville Dam,4112,0.71,0.5,0.93,0.88,0.63,1.11
Imnaha River Wild Steelhead A-Run,2007,ST,W,Sum,Lower Granite Dam to Bonneville Dam,3588,,,,4.13,3.56,4.71
Imnaha River Wild Steelhead A-Run,2007,ST,W,Sum,Lower Granite Dam to Lower Granite Dam,3588,,,,3.09,2.61,3.58
Middle Fork Salmon River Wild Spring_Summer Chinook,2007,CH,W,SpSu,Lower Granite Dam to Lower Granite Dam,342,0.59,0,1.25,0.59,0,1.25
Middle Fork Salmon River Wild Spring_Summer Chinook,2007,CH,W,SpSu,Lower Granite Dam to Bonneville Dam,342,1.17,0.28,2.1,1.17,0.28,2.1
Salmon River Wild Steelhead A-Run,2007,ST,W,Sum,Lower Granite Dam to Bonneville Dam,816,,,,3.8,2.73,4.88
Salmon River Wild Steelhead A-Run,2007,ST,W,Sum,Lower Granite Dam to Lower Granite Dam,816,,,,3.19,2.23,4.19
South Fork Salmon River Wild Spring_Summer Chinook,2007,CH,W,SpSu,Lower Granite Dam to Lower Granite Dam,2121,1.41,1.01,1.86,1.46,1.04,1.93
South Fork Salmon River Wild Spring_Summer Chinook,2007,CH,W,SpSu,Lower Granite Dam to Bonneville Dam,2121,1.6,1.14,2.06,1.65,1.18,2.12
Upper Salmon River Wild Spring_Summer Chinook,2007,CH,W,SpSu,Lower Granite Dam to Lower Granite Dam,1977,0.96,0.61,1.34,0.96,0.61,1.34
Upper Salmon River Wild Spring_Summer Chinook,2007,CH,W,SpSu,Lower Granite Dam to Bonneville Dam,1977,1.01,0.65,1.39,1.01,0.65,1.39
Snake River Wild Spring_Summer Chinook,2006,CH,W,SpSu,Lower Granite Dam to Lower Granite Dam,15283,0.69,0.58,0.8,0.74,0.63,0.85
Snake River Wild Spring_Summer Chinook,2006,CH,W,SpSu,Lower Granite Dam to Bonneville Dam,15283,0.84,0.72,0.95,0.89,0.76,1.01
Snake River Wild Steelhead A-Run,2006,ST,W,Sum,Lower Granite Dam to Bonneville Dam,2378,,,,1.43,1.03,1.84
Snake River Wild Steelhead A-Run,2006,ST,W,Sum,Lower Granite Dam to Lower Granite Dam,2378,,,,2.61,2.04,3.14
Snake River Wild Steelhead B-Run,2006,ST,W,Sum,Lower Granite Dam to Bonneville Dam,3056,,,,0.92,0.65,1.24
Snake River Wild Steelhead B-Run,2006,ST,W,Sum,Lower Granite Dam to Lower Granite Dam,3056,,,,1.34,1,1.71
Snake River Wild Steelhead Aggregate,2006,ST,W,Sum,Lower Granite Dam to Bonneville Dam,5441,,,,1.89,1.59,2.21
Snake River Wild Steelhead Aggregate,2006,ST,W,Sum,Lower Granite Dam to Lower Granite Dam,5441,,,,1.14,0.9,1.38
Clearwater River Wild Steelhead A-Run,2006,ST,W,Sum,Lower Granite Dam to Lower Granite Dam,2748,,,,0.8,0.53,1.1
Clearwater River Wild Steelhead A-Run,2006,ST,W,Sum,Lower Granite Dam to Bonneville Dam,2748,,,,1.24,0.89,1.6
Clearwater River Wild Spring Chinook,2006,CH,W,Spr,Lower Granite Dam to Bonneville Dam,1787,0.39,0.17,0.63,0.45,0.22,0.71
Clearwater River Wild Spring Chinook,2006,CH,W,Spr,Lower Granite Dam to Lower Granite Dam,1787,0.28,0.11,0.5,0.34,0.11,0.57
Grande Ronde River Wild Spring Chinook,2006,CH,W,Spr,Lower Granite Dam to Lower Granite Dam,3466,0.87,0.61,1.11,0.92,0.68,1.18
Grande Ronde River Wild Spring Chinook,2006,CH,W,Spr,Lower Granite Dam to Bonneville Dam,3466,1.04,0.77,1.31,1.1,0.83,1.38
Grande Ronde River Wild Steelhead A-Run,2006,ST,W,Sum,Lower Granite Dam to Lower Granite Dam,557,,,,1.62,0.75,2.49
Grande Ronde River Wild Steelhead A-Run,2006,ST,W,Sum,Lower Granite Dam to Bonneville Dam,557,,,,3.59,2.32,4.9
Imnaha River Wild Summer Chinook,2006,CH,W,Sum,Lower Granite Dam to Bonneville Dam,729,0.69,0.27,1.23,0.82,0.28,1.42
Imnaha River Wild Summer Chinook,2006,CH,W,Sum,Lower Granite Dam to Lower Granite Dam,729,0.69,0.27,1.23,0.69,0.27,1.23
Imnaha River Wild Steelhead A-Run,2006,ST,W,Sum,Lower Granite Dam to Lower Granite Dam,1694,,,,1.24,0.82,1.67
Imnaha River Wild Steelhead A-Run,2006,ST,W,Sum,Lower Granite Dam to Bonneville Dam,1694,,,,2.18,1.59,2.78
Middle Fork Salmon River Wild Spring_Summer Chinook,2006,CH,W,SpSu,Lower Granite Dam to Bonneville Dam,259,0.39,0,1.15,0.39,0,1.15
Middle Fork Salmon River Wild Spring_Summer Chinook,2006,CH,W,SpSu,Lower Granite Dam to Lower Granite Dam,259,0.39,0,1.15,0.39,0,1.15
Salmon River Wild Steelhead A-Run,2006,ST,W,Sum,Lower Granite Dam to Lower Granite Dam,637,,,,1.57,0.77,2.36
Salmon River Wild Steelhead A-Run,2006,ST,W,Sum,Lower Granite Dam to Bonneville Dam,637,,,,1.88,1.04,2.73
South Fork Salmon River Wild Spring_Summer Chinook,2006,CH,W,SpSu,Lower Granite Dam to Bonneville Dam,1282,0.94,0.54,1.4,0.94,0.54,1.4
South Fork Salmon River Wild Spring_Summer Chinook,2006,CH,W,SpSu,Lower Granite Dam to Lower Granite Dam,1282,0.86,0.47,1.3,0.86,0.47,1.3
Snake River Wild Fall Chinook,2006,CH,W,Fall,Lower Granite Dam to Lower Granite Dam,371,0.27,0,0.74,0.27,0,0.74
Snake River Wild Fall Chinook,2006,CH,W,Fall,Lower Granite Dam to Bonneville Dam,371,1.08,0.27,2.06,1.08,0.27,2.06
Upper Salmon River Wild Spring_Summer Chinook,2006,CH,W,SpSu,Lower Granite Dam to Bonneville Dam,2883,0.66,0.43,0.9,0.69,0.45,0.95
Upper Salmon River Wild Spring_Summer Chinook,2006,CH,W,SpSu,Lower Granite Dam to Lower Granite Dam,2883,0.52,0.32,0.74,0.55,0.35,0.78
Snake River Wild Spring_Summer Chinook,2005,CH,W,SpSu,Lower Granite Dam to Lower Granite Dam,35215,0.22,0.17,0.28,0.23,0.18,0.29
Snake River Wild Spring_Summer Chinook,2005,CH,W,SpSu,Lower Granite Dam to Bonneville Dam,35215,0.29,0.23,0.35,0.3,0.24,0.37
Snake River Wild Steelhead Aggregate,2005,ST,W,Sum,Lower Granite Dam to Bonneville Dam,15132,,,,1,0.8,1.23
Snake River Wild Steelhead Aggregate,2005,ST,W,Sum,Lower Granite Dam to Lower Granite Dam,15132,,,,0.79,0.6,1
Snake River Wild Spring_Summer Chinook,2004,CH,W,SpSu,Lower Granite Dam to Bonneville Dam,32542,0.68,0.57,0.8,0.69,0.58,0.81
Snake River Wild Spring_Summer Chinook,2004,CH,W,SpSu,Lower Granite Dam to Lower Granite Dam,32542,0.52,0.43,0.62,0.54,0.44,0.64
Snake River Wild Steelhead Aggregate,2004,ST,W,Sum,Lower Granite Dam to Bonneville Dam,13276,,,,1.31,1.06,1.57
Snake River Wild Steelhead Aggregate,2004,ST,W,Sum,Lower Granite Dam to Lower Granite Dam,13276,,,,0.85,0.64,1.07
Snake River Wild Spring_Summer Chinook,2003,CH,W,SpSu,Lower Granite Dam to Bonneville Dam,31082,0.35,0.27,0.43,0.35,0.27,0.43
Snake River Wild Spring_Summer Chinook,2003,CH,W,SpSu,Lower Granite Dam to Lower Granite Dam,31082,0.34,0.26,0.43,0.34,0.26,0.43
Snake River Wild Steelhead Aggregate,2003,ST,W,Sum,Lower Granite Dam to Bonneville Dam,12877,,,,1.87,1.47,2.27
Snake River Wild Steelhead Aggregate,2003,ST,W,Sum,Lower Granite Dam to Lower Granite Dam,12877,,,,1.57,1.22,1.95
Snake River Wild Spring_Summer Chinook,2002,CH,W,SpSu,Lower Granite Dam to Lower Granite Dam,23384,0.91,0.75,1.08,1.03,0.85,1.22
Snake River Wild Spring_Summer Chinook,2002,CH,W,SpSu,Lower Granite Dam to Bonneville Dam,23384,1.14,0.95,1.34,1.29,1.08,1.51
Snake River Wild Steelhead Aggregate,2002,ST,W,Sum,Lower Granite Dam to Bonneville Dam,13484,,,,2.52,1.44,3.79
Snake River Wild Steelhead Aggregate,2002,ST,W,Sum,Lower Granite Dam to Lower Granite Dam,13484,,,,2.08,1.07,3.17
Snake River Wild Spring_Summer Chinook,2001,CH,W,SpSu,Lower Granite Dam to Bonneville Dam,22417,1.86,0.97,2.88,2.04,1.13,3.13
Snake River Wild Spring_Summer Chinook,2001,CH,W,SpSu,Lower Granite Dam to Lower Granite Dam,22417,1.28,0.55,2.12,1.49,0.72,2.38
Snake River Wild Steelhead Aggregate,2001,ST,W,Sum,Lower Granite Dam to Bonneville Dam,12951,,,,4,1.9,6.53
Snake River Wild Steelhead Aggregate,2001,ST,W,Sum,Lower Granite Dam to Lower Granite Dam,12951,,,,2.5,0.95,4.49
Snake River Wild Spring_Summer Chinook,2000,CH,W,SpSu,Lower Granite Dam to Lower Granite Dam,25026,1.68,1.22,2.18,1.69,1.23,2.19
Snake River Wild Spring_Summer Chinook,2000,CH,W,SpSu,Lower Granite Dam to Bonneville Dam,25026,2.59,1.97,3.22,2.69,2.05,3.35
Snake River Wild Steelhead Aggregate,2000,ST,W,Sum,Lower Granite Dam to Bonneville Dam,13659,,,,3.01,1.83,4.19
Snake River Wild Steelhead Aggregate,2000,ST,W,Sum,Lower Granite Dam to Lower Granite Dam,13659,,,,2.67,1.6,3.85
Snake River Wild Spring_Summer Chinook,1999,CH,W,SpSu,Lower Granite Dam to Lower Granite Dam,33661,2.39,1.87,2.93,2.55,2.02,3.08
Snake River Wild Steelhead Aggregate,1999,ST,W,Sum,Lower Granite Dam to Lower Granite Dam,8873,,,,2.75,1.58,4.04
Snake River Wild Spring_Summer Chinook,1998,CH,W,SpSu,Lower Granite Dam to Lower Granite Dam,17377,1.21,0.84,1.66,1.25,0.87,1.7
Snake River Wild Steelhead Aggregate,1998,ST,W,Sum,Lower Granite Dam to Lower Granite Dam,7162,,,,0.3,0.06,0.71
Snake River Wild Spring_Summer Chinook,1997,CH,W,SpSu,Lower Granite Dam to Lower Granite Dam,2902,1.72,0.98,2.6,1.77,1.01,2.67
Snake River Wild Steelhead Aggregate,1997,ST,W,Sum,Lower Granite Dam to Lower Granite Dam,3857,,,,1.07,0.35,1.91
Snake River Wild Spring_Summer Chinook,1996,CH,W,SpSu,Lower Granite Dam to Lower Granite Dam,7881,0.42,0.06,0.87,0.42,0.06,0.87
Snake River Wild Spring_Summer Chinook,1995,CH,W,SpSu,Lower Granite Dam to Lower Granite Dam,20198,0.35,0.2,0.52,0.35,0.2,0.52
Snake River Wild Spring_Summer Chinook,1994,CH,W,SpSu,Lower Granite Dam to Lower Granite Dam,15260,0.57,0.29,0.92,0.63,0.32,0.99
John Day River Wild Spring Chinook,2021,CH,W,Spr,John Day Dam to Bonneville Dam,3316,2.38,1.42,3.52,2.59,1.54,3.84
Yakima River Wild Spring Chinook,2021,CH,W,Spr,McNary Dam to Bonneville Dam,1302,1.15,0.54,1.99,1.46,0.69,2.5
Yakima River Wild Spring Chinook,2021,CH,W,Spr,McNary Dam to McNary Dam,1302,1.08,0.5,1.9,1.46,0.7,2.49
John Day River Wild Spring Chinook,2020,CH,W,Spr,John Day Dam to Bonneville Dam,1628,4.24,2.97,5.56,5.1,3.55,6.59
John Day River Wild Steelhead,2020,ST,W,Sum,John Day Dam to Bonneville Dam,3531,,,,1.9,1.41,2.36
Yakima River Wild Spring Chinook,2020,CH,W,Spr,McNary Dam to Bonneville Dam,857,2.57,1.42,3.71,3.03,1.73,4.41
Yakima River Wild Spring Chinook,2020,CH,W,Spr,McNary Dam to McNary Dam,857,2.45,1.31,3.61,2.92,1.66,4.29
Umatilla River Wild Steelhead,2020,ST,W,Sum,John Day Dam to Bonneville Dam,5605,,,,2.46,2.04,2.94
Yakima River Wild Steelhead,2020,ST,W,Sum,McNary Dam to Bonneville Dam,319,,,,3.13,0.49,5.2
Yakima River Wild Steelhead,2020,ST,W,Sum,McNary Dam to McNary Dam,319,,,,3.44,0.55,5.64
Deschutes River Wild Steelhead,2019,ST,W,Sum,Bonneville Dam to Bonneville Dam,135,,,,0,0,2.19
Hanford Reach Wild Fall Chinook,2019,CH,W,Fall,McNary Dam to Bonneville Dam,2446,0.78,0.38,1.27,0.78,0.38,1.27
Hanford Reach Wild Fall Chinook,2019,CH,W,Fall,Release Site to Bonneville Dam,9989,0.19,0.12,0.28,0.19,0.12,0.26
John Day River Wild Spring Chinook,2019,CH,W,Spr,John Day Dam to Bonneville Dam,1087,1.56,0.9,2.28,2.02,1.24,2.92
John Day River Wild Steelhead,2019,ST,W,Sum,John Day Dam to Bonneville Dam,2262,,,,0.57,0.31,0.86
Yakima River Wild Spring Chinook,2019,CH,W,Spr,McNary Dam to Bonneville Dam,780,2.18,1.3,3.12,2.57,1.58,3.62
Yakima River Wild Spring Chinook,2019,CH,W,Spr,McNary Dam to McNary Dam,780,1.8,1.01,2.66,2.18,1.34,3.15
Umatilla River Wild Steelhead,2019,ST,W,Sum,John Day Dam to Bonneville Dam,1964,,,,0.1,0,0.24
Yakima River Wild Steelhead,2019,ST,W,Sum,McNary Dam to Bonneville Dam,205,,,,0.49,0,1.46
Yakima River Wild Steelhead,2019,ST,W,Sum,McNary Dam to McNary Dam,205,,,,0.49,0,1.46
Deschutes River Wild Steelhead,2018,ST,W,Sum,Bonneville Dam to Bonneville Dam,215,,,,9.32,3.61,17.65
Hanford Reach Wild Fall Chinook,2018,CH,W,Fall,McNary Dam to Bonneville Dam,2426,1.52,1,2.06,1.52,1,2.06
Hanford Reach Wild Fall Chinook,2018,CH,W,Fall,Release Site to Bonneville Dam,9987,0.37,0.28,0.49,0.37,0.28,0.49
John Day River Wild Spring Chinook,2018,CH,W,Spr,John Day Dam to Bonneville Dam,2610,2.34,1.82,2.92,2.68,2.12,3.32
John Day River Wild Steelhead,2018,ST,W,Sum,John Day Dam to Bonneville Dam,2249,,,,4.05,3.13,5.01
Yakima River Wild Spring Chinook,2018,CH,W,Spr,McNary Dam to Bonneville Dam,474,1.05,0.38,1.86,1.05,0.38,1.86
Yakima River Wild Spring Chinook,2018,CH,W,Spr,McNary Dam to McNary Dam,474,0.84,0.21,1.6,0.84,0.21,1.6
Umatilla River Wild Steelhead,2018,ST,W,Sum,John Day Dam to Bonneville Dam,2864,,,,1.89,1.39,2.37
Yakima River Wild Steelhead,2018,ST,W,Sum,McNary Dam to Bonneville Dam,640,,,,1.56,0.46,4.6
Yakima River Wild Steelhead,2018,ST,W,Sum,McNary Dam to McNary Dam,640,,,,1.09,0.33,3.28
Deschutes River Wild Fall Chinook,2017,CH,W,Fall,Bonneville Dam to Bonneville Dam,5419,1.13,0.67,1.67,1.44,0.85,2.07
Deschutes River Wild Fall Chinook,2017,CH,W,Fall,Release Site to Bonneville Dam,24526,0.25,0.2,0.31,0.32,0.26,0.38
Deschutes River Wild Steelhead,2017,ST,W,Sum,Bonneville Dam to Bonneville Dam,1914,,,,2.25,1.19,3.51
Hanford Reach Wild Fall Chinook,2017,CH,W,Fall,McNary Dam to Bonneville Dam,2968,0.51,0.29,0.74,0.51,0.29,0.74
Hanford Reach Wild Fall Chinook,2017,CH,W,Fall,Release Site to Bonneville Dam,9989,0.15,0.09,0.23,0.15,0.09,0.23
John Day River Wild Spring Chinook,2017,CH,W,Spr,John Day Dam to Bonneville Dam,2833,0.92,0.64,1.24,1.31,0.97,1.68
John Day River Wild Steelhead,2017,ST,W,Sum,John Day Dam to Bonneville Dam,1551,,,,2.58,1.83,3.31
Yakima River Wild Spring Chinook,2017,CH,W,Spr,McNary Dam to Bonneville Dam,464,1.29,0.48,2.24,1.72,0.76,2.8
Yakima River Wild Spring Chinook,2017,CH,W,Spr,McNary Dam to McNary Dam,464,1.08,0.36,1.97,1.51,0.63,2.51
Umatilla River Wild Steelhead,2017,ST,W,Sum,John Day Dam to Bonneville Dam,3958,,,,1.72,1.36,2.07
Yakima River Wild Steelhead,2017,ST,W,Sum,McNary Dam to Bonneville Dam,186,,,,2.69,0.78,4.85
Yakima River Wild Steelhead,2017,ST,W,Sum,McNary Dam to McNary Dam,186,,,,1.62,0.31,3.4
Deschutes River Wild Fall Chinook,2016,CH,W,Fall,Release Site to Bonneville Dam,24492,0.1,0.07,0.14,0.15,0.11,0.19
Deschutes River Wild Fall Chinook,2016,CH,W,Fall,Bonneville Dam to Bonneville Dam,3676,0.68,0.32,1.15,0.98,0.49,1.6
Deschutes River Wild Steelhead,2016,ST,W,Sum,Bonneville Dam to Bonneville Dam,659,,,,5.16,3.28,7.05
Hanford Reach Wild Fall Chinook,2016,CH,W,Fall,Release Site to Bonneville Dam,9926,0.12,0.07,0.18,0.13,0.08,0.2
Hanford Reach Wild Fall Chinook,2016,CH,W,Fall,McNary Dam to Bonneville Dam,4968,0.24,0.12,0.4,0.26,0.13,0.44
John Day River Wild Spring Chinook,2016,CH,W,Spr,John Day Dam to Bonneville Dam,2243,2.1,1.56,2.62,2.63,2.02,3.25
John Day River Wild Steelhead,2016,ST,W,Sum,John Day Dam to Bonneville Dam,1113,,,,5.39,4.09,6.75
Yakima River Wild Spring Chinook,2016,CH,W,Spr,McNary Dam to Bonneville Dam,241,0.41,0,1.23,0.41,0,1.23
Yakima River Wild Spring Chinook,2016,CH,W,Spr,McNary Dam to McNary Dam,241,0.41,0,1.23,0.41,0,1.23
Umatilla River Wild Steelhead,2016,ST,W,Sum,John Day Dam to Bonneville Dam,3536,,,,2.63,2.09,3.18
Yakima River Wild Steelhead,2016,ST,W,Sum,McNary Dam to McNary Dam,308,,,,3.25,1.28,5.88
Yakima River Wild Steelhead,2016,ST,W,Sum,McNary Dam to Bonneville Dam,308,,,,3.25,1.28,5.88
Deschutes River Wild Fall Chinook,2015,CH,W,Fall,Bonneville Dam to Bonneville Dam,4578,0.17,0.07,0.31,0.24,0.1,0.41
Deschutes River Wild Fall Chinook,2015,CH,W,Fall,Release Site to Bonneville Dam,24930,0.03,0.02,0.06,0.04,0.02,0.07
Deschutes River Wild Steelhead,2015,ST,W,Sum,Bonneville Dam to Bonneville Dam,664,,,,1.81,0.97,2.8
Hanford Reach Wild Fall Chinook,2015,CH,W,Fall,McNary Dam to Bonneville Dam,4389,0.05,0,0.14,0.05,0,0.14
Hanford Reach Wild Fall Chinook,2015,CH,W,Fall,Release Site to Bonneville Dam,4965,0.04,0,0.08,0.04,0,0.08
John Day River Wild Spring Chinook,2015,CH,W,Spr,John Day Dam to Bonneville Dam,988,3.54,2.36,4.65,5.37,3.7,6.87
John Day River Wild Steelhead,2015,ST,W,Sum,John Day Dam to Bonneville Dam,1561,,,,1.79,1.16,2.36
Yakima River Wild Spring Chinook,2015,CH,W,Spr,McNary Dam to Bonneville Dam,1730,1.45,0.91,2.03,1.73,1.14,2.39
Yakima River Wild Spring Chinook,2015,CH,W,Spr,McNary Dam to McNary Dam,1730,1.27,0.79,1.79,1.56,1.02,2.17
Umatilla River Wild Steelhead,2015,ST,W,Sum,John Day Dam to Bonneville Dam,5203,,,,1.46,1.14,1.84
Yakima River Wild Steelhead,2015,ST,W,Sum,McNary Dam to Bonneville Dam,324,,,,1.54,0.44,2.69
Yakima River Wild Steelhead,2015,ST,W,Sum,McNary Dam to McNary Dam,324,,,,0.93,0,1.91
Deschutes River Wild Fall Chinook,2014,CH,W,Fall,Release Site to Bonneville Dam,19899,0.15,0.11,0.2,0.21,0.16,0.27
Deschutes River Wild Fall Chinook,2014,CH,W,Fall,Bonneville Dam to Bonneville Dam,3809,0.79,0.47,1.19,1.1,0.7,1.61
Deschutes River Wild Steelhead,2014,ST,W,Sum,Bonneville Dam to Bonneville Dam,516,,,,6.98,4.13,10.31
Hanford Reach Wild Fall Chinook,2014,CH,W,Fall,Release Site to Bonneville Dam,9940,0.23,0.16,0.33,0.29,0.21,0.4
Hanford Reach Wild Fall Chinook,2014,CH,W,Fall,McNary Dam to Bonneville Dam,3415,0.67,0.45,0.9,0.85,0.6,1.1
John Day River Wild Spring Chinook,2014,CH,W,Spr,John Day Dam to Bonneville Dam,2192,3.83,3.03,4.67,4.24,3.39,5.1
John Day River Wild Steelhead,2014,ST,W,Sum,John Day Dam to Bonneville Dam,1287,,,,5.13,3.82,6.58
Yakima River Wild Spring Chinook,2014,CH,W,Spr,McNary Dam to Bonneville Dam,1489,2.08,1.48,2.74,2.35,1.72,3.1
Yakima River Wild Spring Chinook,2014,CH,W,Spr,McNary Dam to McNary Dam,1489,1.75,1.21,2.39,1.95,1.4,2.65
Umatilla River Wild Steelhead,2014,ST,W,Sum,John Day Dam to Bonneville Dam,5294,,,,4.78,4.08,5.51
Yakima River Wild Steelhead,2014,ST,W,Sum,McNary Dam to McNary Dam,329,,,,5.17,2.78,7.77
Yakima River Wild Steelhead,2014,ST,W,Sum,McNary Dam to Bonneville Dam,329,,,,5.78,3.21,8.39
Deschutes River Wild Fall Chinook,2013,CH,W,Fall,Bonneville Dam to Bonneville Dam,8439,0.58,0.35,0.83,0.91,0.58,1.29
Deschutes River Wild Fall Chinook,2013,CH,W,Fall,Release Site to Bonneville Dam,26322,0.19,0.14,0.24,0.29,0.24,0.35
Deschutes River Wild Steelhead,2013,ST,W,Sum,Bonneville Dam to Bonneville Dam,443,,,,2.71,1.22,4.96
Hanford Reach Wild Fall Chinook,2013,CH,W,Fall,McNary Dam to Bonneville Dam,1458,2.4,1.65,3.26,2.74,1.91,3.64
Hanford Reach Wild Fall Chinook,2013,CH,W,Fall,Release Site to Bonneville Dam,4184,0.84,0.62,1.11,0.96,0.72,1.24
John Day River Wild Spring Chinook,2013,CH,W,Spr,John Day Dam to Bonneville Dam,2702,4.18,3.39,4.97,5.11,4.22,6
John Day River Wild Steelhead,2013,ST,W,Sum,John Day Dam to Bonneville Dam,1530,,,,10.06,8.3,12.16
Yakima River Wild Spring Chinook,2013,CH,W,Spr,McNary Dam to Bonneville Dam,2244,1.65,1.22,2.11,2.05,1.56,2.59
Yakima River Wild Spring Chinook,2013,CH,W,Spr,McNary Dam to McNary Dam,2244,1.6,1.18,2.07,2.01,1.5,2.54
Umatilla River Wild Steelhead,2013,ST,W,Sum,John Day Dam to Bonneville Dam,1673,,,,4.12,3.12,5.2
Yakima River Wild Steelhead,2013,ST,W,Sum,McNary Dam to Bonneville Dam,250,,,,5.2,1.38,10.08
Yakima River Wild Steelhead,2013,ST,W,Sum,McNary Dam to McNary Dam,250,,,,4,0.96,8.21
Deschutes River Wild Fall Chinook,2012,CH,W,Fall,Release Site to Bonneville Dam,20798,0.25,0.19,0.3,0.31,0.25,0.38
Deschutes River Wild Fall Chinook,2012,CH,W,Fall,Bonneville Dam to Bonneville Dam,6997,0.73,0.45,1.07,0.93,0.57,1.34
Deschutes River Wild Steelhead,2012,ST,W,Sum,Bonneville Dam to Bonneville Dam,2627,,,,5.52,3.77,7.18
Hanford Reach Wild Fall Chinook,2012,CH,W,Fall,Release Site to Bonneville Dam,4885,0.49,0.33,0.68,0.51,0.35,0.7
Hanford Reach Wild Fall Chinook,2012,CH,W,Fall,McNary Dam to Bonneville Dam,1407,1.71,1.09,2.35,1.78,1.15,2.46
John Day River Wild Spring Chinook,2012,CH,W,Spr,John Day Dam to Bonneville Dam,4748,3.12,2.63,3.61,3.81,3.26,4.36
John Day River Wild Steelhead,2012,ST,W,Sum,John Day Dam to Bonneville Dam,3103,,,,5.61,4.73,6.52
Yakima River Wild Spring Chinook,2012,CH,W,Spr,McNary Dam to Bonneville Dam,1944,2.78,2.15,3.46,3.24,2.55,4
Yakima River Wild Spring Chinook,2012,CH,W,Spr,McNary Dam to McNary Dam,1944,2.67,2.09,3.36,3.14,2.45,3.9
Umatilla River Wild Steelhead,2012,ST,W,Sum,John Day Dam to Bonneville Dam,816,,,,5.14,3.51,6.9
Yakima River Wild Steelhead,2012,ST,W,Sum,McNary Dam to McNary Dam,427,,,,4.69,2.66,6.67
Yakima River Wild Steelhead,2012,ST,W,Sum,McNary Dam to Bonneville Dam,427,,,,6.8,4.11,9.42
Deschutes River Wild Fall Chinook,2011,CH,W,Fall,Bonneville Dam to Bonneville Dam,5689,2.39,1.54,3.32,3.06,2.03,4.18
Deschutes River Wild Fall Chinook,2011,CH,W,Fall,Release Site to Bonneville Dam,19897,0.68,0.58,0.78,0.87,0.77,0.98
Deschutes River Wild Steelhead,2011,ST,W,Sum,Bonneville Dam to Bonneville Dam,3722,,,,4.14,3.15,5.15
Hanford Reach Wild Fall Chinook,2011,CH,W,Fall,McNary Dam to Bonneville Dam,4050,3.21,2.64,3.83,3.46,2.86,4.12
Hanford Reach Wild Fall Chinook,2011,CH,W,Fall,Release Site to Bonneville Dam,10337,1.26,1.08,1.44,1.35,1.18,1.55
John Day River Wild Spring Chinook,2011,CH,W,Spr,John Day Dam to Bonneville Dam,2554,0.9,0.58,1.23,0.94,0.62,1.28
John Day River Wild Steelhead,2011,ST,W,Sum,John Day Dam to Bonneville Dam,2279,,,,1.93,1.45,2.48
Yakima River Wild Spring Chinook,2011,CH,W,Spr,McNary Dam to Bonneville Dam,3180,0.85,0.58,1.13,0.97,0.69,1.27
Yakima River Wild Spring Chinook,2011,CH,W,Spr,McNary Dam to McNary Dam,3180,0.75,0.5,1.02,0.88,0.61,1.17
Umatilla River Wild Steelhead,2011,ST,W,Sum,John Day Dam to Bonneville Dam,1307,,,,1.22,0.74,1.78
Yakima River Wild Steelhead,2011,ST,W,Sum,McNary Dam to Bonneville Dam,216,,,,3.25,1.35,5.47
Yakima River Wild Steelhead,2011,ST,W,Sum,McNary Dam to McNary Dam,216,,,,2.32,0.78,4.25
Deschutes River Wild Steelhead,2010,ST,W,Sum,Bonneville Dam to Bonneville Dam,813,,,,3.94,2.64,5.54
Hanford Reach Wild Fall Chinook,2010,CH,W,Fall,Release Site to Bonneville Dam,4850,0.78,0.58,0.99,0.89,0.66,1.11
Hanford Reach Wild Fall Chinook,2010,CH,W,Fall,McNary Dam to Bonneville Dam,1433,2.65,1.89,3.41,3,2.18,3.73
John Day River Wild Spring Chinook,2010,CH,W,Spr,John Day Dam to Bonneville Dam,3098,3.55,3.02,4.16,4.84,4.2,5.53
John Day River Wild Steelhead,2010,ST,W,Sum,John Day Dam to Bonneville Dam,3194,,,,6.07,5.13,6.84
Yakima River Wild Spring Chinook,2010,CH,W,Spr,McNary Dam to Bonneville Dam,3338,1.38,1.05,1.73,1.86,1.46,2.29
Yakima River Wild Spring Chinook,2010,CH,W,Spr,McNary Dam to McNary Dam,3338,1.17,0.86,1.51,1.53,1.17,1.93
Yakima River Wild Steelhead,2010,ST,W,Sum,McNary Dam to McNary Dam,336,,,,4.47,2.15,7.08
Yakima River Wild Steelhead,2010,ST,W,Sum,McNary Dam to Bonneville Dam,336,,,,5.66,2.86,8.76
Deschutes River Wild Steelhead,2009,ST,W,Sum,Bonneville Dam to Bonneville Dam,1820,,,,8.52,6.8,10.49
Hanford Reach Wild Fall Chinook,2009,CH,W,Fall,McNary Dam to Bonneville Dam,4384,0.75,0.52,0.98,0.94,0.69,1.2
Hanford Reach Wild Fall Chinook,2009,CH,W,Fall,Release Site to Bonneville Dam,13728,0.24,0.17,0.31,0.3,0.22,0.38
John Day River Wild Spring Chinook,2009,CH,W,Spr,John Day Dam to Bonneville Dam,3220,6.77,5.92,7.61,7.11,6.21,7.97
John Day River Wild Steelhead,2009,ST,W,Sum,John Day Dam to Bonneville Dam,2570,,,,7.63,6.57,8.61
Yakima River Wild Spring Chinook,2009,CH,W,Spr,McNary Dam to Bonneville Dam,2111,4.36,3.63,5.16,4.78,4.02,5.61
Yakima River Wild Spring Chinook,2009,CH,W,Spr,McNary Dam to McNary Dam,2111,3.69,3.04,4.42,4.12,3.43,4.88
Yakima River Wild Steelhead,2009,ST,W,Sum,McNary Dam to Bonneville Dam,360,,,,5.27,3.15,7.4
Yakima River Wild Steelhead,2009,ST,W,Sum,McNary Dam to McNary Dam,360,,,,4.72,2.79,6.77
Deschutes River Wild Steelhead,2008,ST,W,Sum,Bonneville Dam to Bonneville Dam,1321,,,,9.62,7.2,12.36
Hanford Reach Wild Fall Chinook,2008,CH,W,Fall,Release Site to Bonneville Dam,16651,0.68,0.58,0.79,0.77,0.65,0.88
Hanford Reach Wild Fall Chinook,2008,CH,W,Fall,McNary Dam to Bonneville Dam,5528,2.04,1.69,2.44,2.32,1.91,2.75
John Day River Wild Spring Chinook,2008,CH,W,Spr,John Day Dam to Bonneville Dam,2956,5.51,4.76,6.3,6.26,5.44,7.09
John Day River Wild Steelhead,2008,ST,W,Sum,John Day Dam to Bonneville Dam,3033,,,,10.35,9.26,11.4
Yakima River Wild Spring Chinook,2008,CH,W,Spr,McNary Dam to Bonneville Dam,2795,4.69,3.97,5.41,5.8,5.03,6.58
Yakima River Wild Spring Chinook,2008,CH,W,Spr,McNary Dam to McNary Dam,2795,4.04,3.39,4.68,5.08,4.35,5.8
Yakima River Wild Steelhead,2008,ST,W,Sum,McNary Dam to McNary Dam,235,,,,8.07,4.64,11.74
Yakima River Wild Steelhead,2008,ST,W,Sum,McNary Dam to Bonneville Dam,235,,,,8.92,5.24,12.78
Deschutes River Wild Steelhead,2007,ST,W,Sum,Bonneville Dam to Bonneville Dam,926,,,,7.67,5.22,10.13
Hanford Reach Wild Fall Chinook,2007,CH,W,Fall,McNary Dam to Bonneville Dam,7836,0.34,0.24,0.45,0.45,0.32,0.58
Hanford Reach Wild Fall Chinook,2007,CH,W,Fall,Release Site to Bonneville Dam,21007,0.13,0.09,0.17,0.17,0.12,0.21
John Day River Wild Spring Chinook,2007,CH,W,Spr,John Day Dam to Bonneville Dam,2726,4.33,3.66,5.04,5.06,4.31,5.82
John Day River Wild Steelhead,2007,ST,W,Sum,John Day Dam to Bonneville Dam,2864,,,,8.83,7.68,9.98
Yakima River Wild Spring Chinook,2007,CH,W,Spr,McNary Dam to Bonneville Dam,1066,1.5,0.92,2.08,1.5,0.92,2.08
Yakima River Wild Spring Chinook,2007,CH,W,Spr,McNary Dam to McNary Dam,1066,1.5,0.91,2.12,1.5,0.91,2.12
Yakima River Wild Steelhead,2007,ST,W,Sum,McNary Dam to Bonneville Dam,219,,,,7.3,3.15,11.98
Yakima River Wild Steelhead,2007,ST,W,Sum,McNary Dam to McNary Dam,219,,,,6.39,2.75,10.78
Deschutes River Wild Steelhead,2006,ST,W,Sum,Bonneville Dam to Bonneville Dam,802,,,,8.36,5.79,11.39
John Day River Wild Spring Chinook,2006,CH,W,Spr,John Day Dam to Bonneville Dam,2237,2.06,1.68,2.49,2.06,1.56,2.57
John Day River Wild Steelhead,2006,ST,W,Sum,John Day Dam to Bonneville Dam,1923,,,,3.33,2.64,3.99
Yakima River Wild Spring Chinook,2006,CH,W,Spr,McNary Dam to Bonneville Dam,2632,1.67,1.28,2.12,2.13,1.66,2.63
Yakima River Wild Spring Chinook,2006,CH,W,Spr,McNary Dam to McNary Dam,2632,1.6,1.21,2.03,2.05,1.6,2.54
Yakima River Wild Steelhead,2006,ST,W,Sum,McNary Dam to McNary Dam,397,,,,3.27,1.88,5.07
Yakima River Wild Steelhead,2006,ST,W,Sum,McNary Dam to Bonneville Dam,397,,,,4.03,2.41,5.92
Hanford Reach Wild Fall Chinook,2005,CH,W,Fall,Release Site to Bonneville Dam,22634,0.08,0.04,0.11,0.08,0.05,0.12
Hanford Reach Wild Fall Chinook,2005,CH,W,Fall,McNary Dam to Bonneville Dam,6539,0.26,0.16,0.36,0.29,0.18,0.41
John Day River Wild Spring Chinook,2005,CH,W,Spr,John Day Dam to Bonneville Dam,3835,1.85,1.49,2.26,2.06,1.68,2.49
John Day River Wild Steelhead,2005,ST,W,Sum,John Day Dam to Bonneville Dam,3530,,,,2.8,2.35,3.31
Yakima River Wild Spring Chinook,2005,CH,W,Spr,McNary Dam to Bonneville Dam,2491,1.28,0.91,1.67,1.37,0.98,1.76
Yakima River Wild Spring Chinook,2005,CH,W,Spr,McNary Dam to McNary Dam,2491,1.12,0.78,1.48,1.2,0.83,1.58
Yakima River Wild Steelhead,2005,ST,W,Sum,McNary Dam to Bonneville Dam,263,,,,4.94,2.55,7.93
Yakima River Wild Steelhead,2005,ST,W,Sum,McNary Dam to McNary Dam,263,,,,4.56,2.24,7.29
Hanford Reach Wild Fall Chinook,2004,CH,W,Fall,Release Site to Bonneville Dam,2989,0.07,0,0.17,0.07,0,0.17
Hanford Reach Wild Fall Chinook,2004,CH,W,Fall,McNary Dam to Bonneville Dam,1004,0.2,0,0.46,0.2,0,0.46
John Day River Wild Spring Chinook,2004,CH,W,Spr,John Day Dam to Bonneville Dam,2805,3.14,2.46,3.81,3.32,2.6,4
John Day River Wild Steelhead,2004,ST,W,Sum,John Day Dam to Bonneville Dam,2583,,,,4.26,3.5,5.02
Yakima River Wild Spring Chinook,2004,CH,W,Spr,McNary Dam to Bonneville Dam,4912,2.63,2.25,3.02,2.85,2.46,3.27
Yakima River Wild Spring Chinook,2004,CH,W,Spr,McNary Dam to McNary Dam,4912,2.38,2.03,2.75,2.65,2.3,3.05
Yakima River Wild Steelhead,2004,ST,W,Sum,McNary Dam to Bonneville Dam,387,,,,2.84,1.44,4.38
Yakima River Wild Steelhead,2004,ST,W,Sum,McNary Dam to McNary Dam,387,,,,2.58,1.17,4.1
Hanford Reach Wild Fall Chinook,2003,CH,W,Fall,McNary Dam to Bonneville Dam,930,0.43,0.1,0.79,0.43,0.1,0.79
Hanford Reach Wild Fall Chinook,2003,CH,W,Fall,Release Site to Bonneville Dam,2975,0.13,0.03,0.24,0.13,0.03,0.24
John Day River Wild Spring Chinook,2003,CH,W,Spr,John Day Dam to Bonneville Dam,4434,2.77,2.34,3.22,2.89,2.45,3.36
Yakima River Wild Spring Chinook,2003,CH,W,Spr,McNary Dam to Bonneville Dam,8002,1.67,1.43,1.92,1.91,1.65,2.15
Yakima River Wild Spring Chinook,2003,CH,W,Spr,McNary Dam to McNary Dam,8002,1.6,1.36,1.83,1.82,1.57,2.08
Yakima River Wild Steelhead,2003,ST,W,Sum,McNary Dam to Bonneville Dam,293,,,,7.85,4.8,11.02
Yakima River Wild Steelhead,2003,ST,W,Sum,McNary Dam to McNary Dam,293,,,,6.49,3.84,9.16
John Day River Wild Spring Chinook,2002,CH,W,Spr,John Day Dam to Bonneville Dam,2513,3.78,3.03,4.52,3.98,3.22,4.73
Yakima River Wild Spring Chinook,2002,CH,W,Spr,McNary Dam to Bonneville Dam,4236,2.31,1.92,2.75,2.38,1.99,2.82
Yakima River Wild Spring Chinook,2002,CH,W,Spr,McNary Dam to McNary Dam,4236,2.08,1.7,2.46,2.15,1.79,2.53
Yakima River Wild Steelhead,2002,ST,W,Sum,McNary Dam to McNary Dam,365,,,,6.03,3.62,8.39
Yakima River Wild Steelhead,2002,ST,W,Sum,McNary Dam to Bonneville Dam,365,,,,7.94,5.07,10.73
Hanford Reach Wild Fall Chinook,2001,CH,W,Fall,Release Site to Bonneville Dam,9973,0.25,0.16,0.34,0.26,0.17,0.35
Hanford Reach Wild Fall Chinook,2001,CH,W,Fall,McNary Dam to Bonneville Dam,3662,0.68,0.44,0.91,0.71,0.46,0.95
John Day River Wild Spring Chinook,2001,CH,W,Spr,John Day Dam to Bonneville Dam,2749,3.86,3.29,4.5,4.11,3.5,4.81
Yakima River Wild Spring Chinook,2001,CH,W,Spr,McNary Dam to McNary Dam,3578,0.81,0.56,1.07,1.06,0.77,1.36
Yakima River Wild Spring Chinook,2001,CH,W,Spr,McNary Dam to Bonneville Dam,3578,0.89,0.64,1.18,1.15,0.86,1.46
Hanford Reach Wild Fall Chinook,2000,CH,W,Fall,McNary Dam to Bonneville Dam,4555,2.66,2.25,3.08,2.86,2.41,3.28
Hanford Reach Wild Fall Chinook,2000,CH,W,Fall,Release Site to Bonneville Dam,10967,1.1,0.94,1.27,1.19,1.01,1.35
John Day River Wild Spring Chinook,2000,CH,W,Spr,John Day Dam to Bonneville Dam,1300,10.77,9.15,12.33,11,9.33,12.62
Yakima River Wild Spring Chinook,2000,CH,W,Spr,McNary Dam to Bonneville Dam,7329,5.47,5,5.99,5.69,5.2,6.21
Yakima River Wild Spring Chinook,2000,CH,W,Spr,McNary Dam to McNary Dam,7329,4.8,4.37,5.29,4.8,4.37,5.29
